from_zone,to_zone,from_transreg,to_transreg,transreg,line_type,region,project_name,existing_cap_mw,new_cap_mw,new_cap_year,total_cap_mw,trans_length_km,trans_efficiency
p1,p2,NorthernGrid,NorthernGrid,NorthernGrid,Existing,NorthernGrid,,9000.0,,,9000.0,253.2022801,0.980923616
p1,p4,NorthernGrid,NorthernGrid,NorthernGrid,Existing,NorthernGrid,,9804.0,,,9804.0,255.4560303,0.980781449
p10,p12,CAISO,NorthernGrid,CAISO / NorthernGrid,Existing,Cross-Region,,7.9,,,7.9,333.7771906,0.966393045
p10,p13,CAISO,NorthernGrid,CAISO / NorthernGrid,Existing,Cross-Region,,2283.0,,,2283.0,398.9459106,0.968773396
p10,p25,CAISO,NorthernGrid,CAISO / NorthernGrid,Existing,Cross-Region,,1920.0,,,1920.0,1051.154459,0.937648507
p10,p27,CAISO,WestConnect,CAISO / WestConnect,Existing,Cross-Region,,1746.0,,,1746.0,431.4690748,0.966396796
p10,p28,CAISO,WestConnect,CAISO / WestConnect,Existing,Cross-Region,New Delaney-Colorado River 500 kV line,1204.4,2500.0,2024.0,3704.4,531.2811934,0.967521078
p100,p116,PJM,PJM,PJM,Existing,PJM,,1319.0,,,1319.0,189.7223341,0.93388614
p101,p102,FRCC,FRCC,FRCC,Existing,FRCC,,12071.6,,,12071.6,418.7453669,0.956837572
p103,p104,MISO,PJM,MISO / PJM,Existing,Cross-Region,,1134.6,,,1134.6,259.395176,0.958401605
p103,p111,MISO,PJM,MISO / PJM,Existing,Cross-Region,,391.0,,,391.0,449.890345,0.961490122
p103,p105,MISO,MISO,MISO,Existing,MISO,,378.4,,,378.4,447.8510745,0.961599438
p104,p105,PJM,MISO,PJM / MISO,Existing,Cross-Region,LRTP-17: Hiple Duck Lake,2076.9,1792.0,2030.0,3868.9,153.6156063,0.946632992
p105,p112,MISO,PJM,MISO / PJM,Existing,Cross-Region,LRTP-33: Greentown - Sorenson - Lulu,3978.8,5500.0,2035.0,9478.8,257.2584924,0.98078336
p105,p106,MISO,MISO,MISO,Existing,MISO,,2323.2,,,2323.2,125.2693942,0.956540946
p105,p107,MISO,MISO,MISO,Existing,MISO,,8378.5,,,8378.5,484.1406128,0.972301484
p106,p107,MISO,MISO,MISO,Existing,MISO,,4428.5,,,4428.5,276.602335,0.979279646
p107,p109,MISO,PJM,MISO / PJM,Existing,Cross-Region,,96.9,,,96.9,281.1822319,0.978919981
p107,p112,MISO,PJM,MISO / PJM,Existing,Cross-Region,n5034,1719.7,3200.0,2028.0,4919.7,545.7219651,0.968761652
p107,p114,MISO,PJM,MISO / PJM,Existing,Cross-Region,,1364.9,,,1364.9,386.0199481,0.971032589
p107,p108,MISO,MISO,MISO,Existing,MISO,LRTP-35: Southwest Indiana-Kentucky,24.3,1792.0,2035.0,1816.3,75.15300903,0.973839373
p108,p109,MISO,PJM,MISO / PJM,Existing,Cross-Region,,672.3,,,672.3,113.1989434,0.960535412
p109,p110,PJM,PJM,PJM,Existing,PJM,,82.4,,,82.4,315.9307766,0.976263116
p109,p112,PJM,PJM,PJM,Existing,PJM,,45.8,,,45.8,294.8481941,0.977895807
p109,p113,PJM,PJM,PJM,Existing,PJM,,0.0,,,0.0,254.8964635,0.980923295
p109,p114,PJM,PJM,PJM,Existing,PJM,,137.6,,,137.6,293.778925,0.977937285
p109,p118,PJM,PJM,PJM,Existing,PJM,,22.8,,,22.8,620.5230152,0.964282754
p110,p112,PJM,PJM,PJM,Existing,PJM,,83.2,,,83.2,323.0170423,0.975763709
p110,p117,PJM,PJM,PJM,Existing,PJM,,2996.3,,,2996.3,165.7764454,0.942140146
p110,p118,PJM,PJM,PJM,Existing,PJM,,379.7,,,379.7,277.2940646,0.979143425
p111,p112,PJM,PJM,PJM,Existing,PJM,,5400.9,,,5400.9,153.8790491,0.946561373
p111,p115,PJM,PJM,PJM,Existing,PJM,,2707.8,,,2707.8,128.9899931,0.954962665
p111,p116,PJM,PJM,PJM,Existing,PJM,,1130.1,,,1130.1,254.2982198,0.980828642
p111,p122,PJM,PJM,PJM,Existing,PJM,,1397.3,,,1397.3,590.0067364,0.966171784
p112,p113,PJM,PJM,PJM,Existing,PJM,,3198.6,,,3198.6,95.08283302,0.967019349
p112,p114,PJM,PJM,PJM,Existing,PJM,,2557.5,,,2557.5,129.6697638,0.954901225
p112,p115,PJM,PJM,PJM,Existing,PJM,,1640.9,,,1640.9,250.7380724,0.981151258
p112,p116,PJM,PJM,PJM,Existing,PJM,,2407.8,,,2407.8,276.4082797,0.979235197
p112,p117,PJM,PJM,PJM,Existing,PJM,,1045.6,,,1045.6,261.8634202,0.980384092
p112,p118,PJM,PJM,PJM,Existing,PJM,,0.0,,,0.0,490.1517934,0.971868501
p113,p114,PJM,PJM,PJM,Existing,PJM,,2489.3,,,2489.3,34.50503531,0.98787889
p115,p116,PJM,PJM,PJM,Existing,PJM,,2196.2,,,2196.2,68.11648111,0.976315944
p115,p122,PJM,PJM,PJM,Existing,PJM,,2231.1,,,2231.1,371.1423689,0.972160007
p116,p117,PJM,PJM,PJM,Existing,PJM,,3363.5,,,3363.5,252.1234447,0.981081545
p116,p118,PJM,PJM,PJM,Existing,PJM,,425.4,,,425.4,373.4673553,0.971945801
p116,p120,PJM,PJM,PJM,Existing,PJM,,296.3,,,296.3,236.7369029,0.917556755
p116,p121,PJM,PJM,PJM,Existing,PJM,,3075.1,,,3075.1,253.9788369,0.980927589
p117,p118,PJM,PJM,PJM,Existing,PJM,,8936.9,,,8936.9,255.4581821,0.980863724
p119,p122,PJM,PJM,PJM,Existing,PJM,,2530.1,,,2530.1,253.6683303,0.980975558
p12,p13,NorthernGrid,NorthernGrid,NorthernGrid,Existing,NorthernGrid,Harry Allen - Northwest to Ft. Churchill 500 kV (Greenlink West),252.9,3417.0,2028.0,3669.9,594.9860891,0.965903132
p120,p121,PJM,PJM,PJM,Existing,PJM,,379.9,,,379.9,37.47911961,0.986915561
p120,p122,PJM,PJM,PJM,Existing,PJM,,205.4,,,205.4,250.0503667,0.981207173
p121,p122,PJM,PJM,PJM,Existing,PJM,b3800.3,59.9,2500.0,2028.0,2559.9,150.4803482,0.947577891
p121,p123,PJM,PJM,PJM,Existing,PJM,,1106.3,,,1106.3,53.10079054,0.981566379
p122,p127,PJM,NYISO,PJM / NYISO,Existing,Cross-Region,,846.5,,,846.5,767.4696494,0.941282142
p122,p123,PJM,PJM,PJM,Existing,PJM,b3800.31 | n6559 | b3780.2,6209.4,7200.0,2030.0,13409.4,65.01206795,0.977305343
p122,p125,PJM,PJM,PJM,Existing,PJM,,976.9,,,976.9,54.97795404,0.98084759
p122,p126,PJM,PJM,PJM,Existing,PJM,,8384.0,,,8384.0,37.64969424,0.98691916
p123,p124,PJM,PJM,PJM,Existing,PJM,,268.0,,,268.0,335.731997,0.971608459
p123,p125,PJM,PJM,PJM,Existing,PJM,,2749.8,,,2749.8,121.659467,0.957416766
p125,p126,PJM,PJM,PJM,Existing,PJM,,4250.2,,,4250.2,251.228193,0.981110781
p126,p127,PJM,NYISO,PJM / NYISO,Existing,Cross-Region,,1153.5,,,1153.5,288.9960274,0.968457105
p127,p129,NYISO,ISONE,NYISO / ISONE,Existing,Cross-Region,,241.7,,,241.7,844.3040492,0.936857579
p127,p131,NYISO,ISONE,NYISO / ISONE,Existing,Cross-Region,,653.5,,,653.5,563.6265004,0.948114422
p127,p132,NYISO,ISONE,NYISO / ISONE,Existing,Cross-Region,,504.8,,,504.8,771.8698102,0.941030561
p127,p128,NYISO,NYISO,NYISO,Existing,NYISO,,4000.0,1638.0,2030.0,5638.0,320.173001,0.957585824
p128,p132,NYISO,ISONE,NYISO / ISONE,Existing,Cross-Region,,634.0,,,634.0,333.7771906,0.966393045
p129,p130,ISONE,ISONE,ISONE,Existing,ISONE,,1796.2,,,1796.2,272.247733,0.979555899
p129,p131,ISONE,ISONE,ISONE,Existing,ISONE,,2133.2,,,2133.2,321.0735067,0.975827118
p13,p27,NorthernGrid,WestConnect,NorthernGrid / WestConnect,Existing,Cross-Region,Second Mead – Market Place 500kV Line (WestTEC 10-Yr Horizon),1955.0,2598.0,2035.0,4553.0,160.3355691,0.943854041
p13,p28,NorthernGrid,WestConnect,NorthernGrid / WestConnect,Existing,Cross-Region,New Mead – Liberty – West Wing 500kV Line; Reconductor Mead – Perkins 500kV Line (WestTEC 10-Yr Horizon),2492.0,4851.0,2035.0,7343.0,480.2199043,0.972450683
p13,p15,NorthernGrid,NorthernGrid,NorthernGrid,Existing,NorthernGrid,,0.0,,,0.0,992.5678482,0.943077512
p13,p25,NorthernGrid,NorthernGrid,NorthernGrid,Existing,NorthernGrid,,155.8,,,155.8,333.7771906,0.966393045
p130,p131,ISONE,ISONE,ISONE,Existing,ISONE,,2464.4,,,2464.4,28.35140986,0.990001992
p130,p134,ISONE,ISONE,ISONE,Existing,ISONE,,1299.7,,,1299.7,122.9175225,0.956980874
p131,p132,ISONE,ISONE,ISONE,Existing,ISONE,,1520.6,,,1520.6,87.44527719,0.969521986
p131,p133,ISONE,ISONE,ISONE,Existing,ISONE,,1725.1,,,1725.1,11.72032937,0.99592417
p132,p133,ISONE,ISONE,ISONE,Existing,ISONE,,1038.3,,,1038.3,70.8109318,0.975336726
p14,p15,NorthernGrid,NorthernGrid,NorthernGrid,Existing,NorthernGrid,,1204.0,,,1204.0,596.6341556,0.965868874
p14,p17,NorthernGrid,NorthernGrid,NorthernGrid,Existing,NorthernGrid,,1593.0,,,1593.0,313.8902891,0.976395103
p15,p16,NorthernGrid,NorthernGrid,NorthernGrid,Existing,NorthernGrid,Gateway West (GWW) Project,4469.0,11208.0,2035.0,15677.0,414.999425,0.968945905
p15,p17,NorthernGrid,NorthernGrid,NorthernGrid,Existing,NorthernGrid,,2537.0,,,2537.0,795.5474407,0.954523254
p15,p21,NorthernGrid,NorthernGrid,NorthernGrid,Existing,NorthernGrid,,847.0,,,847.0,333.7771906,0.966393045
p15,p25,NorthernGrid,NorthernGrid,NorthernGrid,Existing,NorthernGrid,,680.0,,,680.0,333.7771906,0.966393045
p16,p17,NorthernGrid,NorthernGrid,NorthernGrid,Existing,NorthernGrid,New Townsend – Midpoint 500kV Line (WestTEC 10-Yr Horizon),179.0,2773.0,2035.0,2952.0,488.8111552,0.972049166
p16,p18,NorthernGrid,NorthernGrid,NorthernGrid,Existing,NorthernGrid,,48.0,,,48.0,333.7771906,0.966393045
p16,p21,NorthernGrid,NorthernGrid,NorthernGrid,Existing,NorthernGrid,Anticline/Bridger-Populus 400-599 kV line #1,2853.0,1700.0,2035.0,4553.0,359.4447887,0.973033157
p16,p25,NorthernGrid,NorthernGrid,NorthernGrid,Existing,NorthernGrid,Populus-Bridgerland-Ben Lomond 345 kV line Reconductor,785.0,1340.0,2028.0,2125.0,321.3430228,0.975939765
p17,p18,NorthernGrid,NorthernGrid,NorthernGrid,Existing,NorthernGrid,,2077.0,,,2077.0,296.0356475,0.977782877
p17,p20,NorthernGrid,NorthernGrid,NorthernGrid,Existing,NorthernGrid,,1789.0,,,1789.0,501.4704107,0.971273633
p18,p23,NorthernGrid,WestConnect,NorthernGrid / WestConnect,Existing,Cross-Region,,0.0,,,0.0,621.8719054,0.964371584
p18,p19,NorthernGrid,NorthernGrid,NorthernGrid,Existing,NorthernGrid,,262.0,,,262.0,333.7771906,0.966393045
p18,p20,NorthernGrid,NorthernGrid,NorthernGrid,Existing,NorthernGrid,Path 36 TOT 3 Upgrade (WestTEC 10-Yr Horizon),2321.0,800.0,2035.0,3121.0,279.0062546,0.97913557
p18,p21,NorthernGrid,NorthernGrid,NorthernGrid,Existing,NorthernGrid,,1361.0,,,1361.0,835.1033268,0.952097268
p18,p22,NorthernGrid,NorthernGrid,NorthernGrid,Existing,NorthernGrid,,94.6,,,94.6,485.8210603,0.972168315
p2,p14,NorthernGrid,NorthernGrid,NorthernGrid,Existing,NorthernGrid,,5207.0,,,5207.0,360.2452645,0.973029546
p2,p3,NorthernGrid,NorthernGrid,NorthernGrid,Existing,NorthernGrid,,1942.0,,,1942.0,287.097973,0.978521754
p2,p4,NorthernGrid,NorthernGrid,NorthernGrid,Existing,NorthernGrid,,4252.0,,,4252.0,115.6122143,0.959788004
p2,p5,NorthernGrid,NorthernGrid,NorthernGrid,Existing,NorthernGrid,Reconductor Keeler – Pearl 500kV #1 Line (WestTEC 10-Yr Horizon),15397.0,3029.0,2035.0,18426.0,266.5957467,0.980001039
p20,p35,NorthernGrid,SPP,NorthernGrid / SPP,Existing,Cross-Region,,200.0,,,200.0,254.5038764,0.980922651
p21,p24,NorthernGrid,WestConnect,NorthernGrid / WestConnect,Existing,Cross-Region,,295.8,,,295.8,432.3719948,0.967614958
p21,p25,NorthernGrid,NorthernGrid,NorthernGrid,Existing,NorthernGrid,,1282.0,,,1282.0,272.4445447,0.979554709
p21,p26,NorthernGrid,NorthernGrid,NorthernGrid,Existing,NorthernGrid,,628.0,,,628.0,262.4143286,0.980297614
p22,p23,NorthernGrid,WestConnect,NorthernGrid / WestConnect,Existing,Cross-Region,,1010.0,,,1010.0,154.6392509,0.946099847
p22,p24,NorthernGrid,WestConnect,NorthernGrid / WestConnect,Existing,Cross-Region,,518.0,,,518.0,499.5408377,0.97138497
p23,p24,WestConnect,WestConnect,WestConnect,Existing,WestConnect,,868.0,,,868.0,382.1323674,0.971430934
p23,p32,WestConnect,WestConnect,WestConnect,Existing,WestConnect,,2063.0,,,2063.0,233.2803752,0.9189407
p24,p39,WestConnect,SPP,WestConnect / SPP,Existing,Cross-Region,,310.0,,,310.0,130.7687521,0.954619813
p24,p32,WestConnect,WestConnect,WestConnect,Existing,WestConnect,Multi -  Laramie River 345 kV - New Underwood 345 kV,422.0,1792.0,2035.0,2214.0,333.7771906,0.966393045
p24,p33,WestConnect,WestConnect,WestConnect,Existing,WestConnect,Reconductor Laramie River – Dave Johnston 230kV Line (WestTEC 10-Yr Horizon),3320.0,986.0,2035.0,4306.0,129.457577,0.955114167
p25,p28,NorthernGrid,WestConnect,NorthernGrid / WestConnect,Existing,Cross-Region,,142.3,,,142.3,923.4794013,0.947141653
p25,p31,NorthernGrid,WestConnect,NorthernGrid / WestConnect,Existing,Cross-Region,,299.1,,,299.1,894.3895885,0.94873239
p25,p33,NorthernGrid,WestConnect,NorthernGrid / WestConnect,Existing,Cross-Region,,0.0,,,0.0,814.2780152,0.953365866
p25,p26,NorthernGrid,NorthernGrid,NorthernGrid,Existing,NorthernGrid,,1237.0,,,1237.0,79.84786744,0.972257492
p26,p33,NorthernGrid,WestConnect,NorthernGrid / WestConnect,Existing,Cross-Region,,239.2,,,239.2,804.2477991,0.953933838
p27,p28,WestConnect,WestConnect,WestConnect,Existing,WestConnect,,799.0,,,799.0,268.0860353,0.979952974
p28,p29,WestConnect,WestConnect,WestConnect,Existing,WestConnect,,5047.0,,,5047.0,485.5509389,0.972179556
p28,p30,WestConnect,WestConnect,WestConnect,Existing,WestConnect,,4209.0,,,4209.0,149.335154,0.948335658
p29,p30,WestConnect,WestConnect,WestConnect,Existing,WestConnect,,639.0,,,639.0,490.6773859,0.971869411
p29,p31,WestConnect,WestConnect,WestConnect,Existing,WestConnect,,3602.0,,,3602.0,255.7090344,0.980886566
p3,p14,NorthernGrid,NorthernGrid,NorthernGrid,Existing,NorthernGrid,,8360.0,,,8360.0,30.53616413,0.989399329
p3,p17,NorthernGrid,NorthernGrid,NorthernGrid,Existing,NorthernGrid,New Townsend – Ashe 500kV Line (WestTEC 10-Yr Horizon),2843.0,3845.0,2035.0,6688.0,353.9754011,0.973370625
p3,p4,NorthernGrid,NorthernGrid,NorthernGrid,Existing,NorthernGrid,,9721.0,,,9721.0,264.2793766,0.980243383
p3,p5,NorthernGrid,NorthernGrid,NorthernGrid,Existing,NorthernGrid,,762.0,,,762.0,520.4529926,0.970189299
p31,p47,WestConnect,SPP,WestConnect / SPP,Existing,Cross-Region,,200.0,,,200.0,303.7812792,0.977303886
p31,p48,WestConnect,SPP,WestConnect / SPP,Existing,Cross-Region,,200.0,,,200.0,483.5185069,0.972381747
p31,p34,WestConnect,WestConnect,WestConnect,Existing,WestConnect,,690.0,,,690.0,553.2892781,0.968337714
p31,p59,WestConnect,WestConnect,WestConnect,Existing,WestConnect,Reconductor Amrad – Chavez 345kV Line; Reconductor Otero – Picante 345kV Line (WestTEC 10-Yr Horizon),2859.0,2830.0,2035.0,5689.0,385.5529469,0.971223444
p32,p38,WestConnect,SPP,WestConnect / SPP,Existing,Cross-Region,,200.0,,,200.0,574.9789123,0.967135924
p33,p34,WestConnect,WestConnect,WestConnect,Existing,WestConnect,,2735.0,,,2735.0,98.93760079,0.96557308
p34,p52,WestConnect,SPP,WestConnect / SPP,Existing,Cross-Region,,210.0,,,210.0,358.7597601,0.973234571
p35,p36,SPP,SPP,SPP,Existing,SPP,,609.5,,,609.5,433.0282518,0.96760385
p36,p37,SPP,MISO,SPP / MISO,Existing,Cross-Region,LRTP-01: Jamestown Ellendale,1127.7,1792.0,2028.0,2919.7,306.4730505,0.977103684
p36,p38,SPP,SPP,SPP,Existing,SPP,Multi - Belfield 345 kV - Maurine 345 kV,2054.0,1792.0,2035.0,3846.0,519.5214769,0.970273209
p37,p38,MISO,SPP,MISO / SPP,Cross-TransReg,Cross-Region,JTIQ Project,206.3,1792.0,2035.0,1998.3,369.5076624,0.972400288
p37,p42,MISO,MISO,MISO,Existing,MISO,,647.2,,,647.2,187.0507927,0.935060747
p37,p43,MISO,MISO,MISO,Existing,MISO,"LRTP-19: Bison - Alexandria | Brookings - Lyon, Hampton - Helena 2nd 345kV Circuits",3178.7,3584.0,2035.0,6762.7,336.9882054,0.974789376
p38,p44,SPP,MISO,SPP / MISO,Cross-TransReg,Cross-Region,JTIQ Project,1147.3,1792.0,2035.0,2939.3,131.5512734,0.954309795
p38,p43,SPP,MISO,SPP / MISO,Existing,Cross-Region,LRTP-02: Big Stone South Alexandria Big Oaks (Cassie’s Crossing),84.4,1792.0,2030.0,1876.4,297.0434291,0.977799832
p38,p45,SPP,MISO,SPP / MISO,Existing,Cross-Region,,1494.1,,,1494.1,114.7060823,0.960084688
p38,p39,SPP,SPP,SPP,Existing,SPP,,314.6,,,314.6,638.1655792,0.96356473
p38,p40,SPP,SPP,SPP,Existing,SPP,,733.8,,,733.8,333.7970561,0.975031493
p40,p45,SPP,MISO,SPP / MISO,Existing,Cross-Region,Line - Raun 345 kV - S3452 345 kV New Line (JTIQ),781.1,1792.0,2035.0,2573.1,251.2486249,0.981211108
p40,p41,SPP,SPP,SPP,Existing,SPP,,1733.6,,,1733.6,178.8701627,0.938082926
p40,p52,SPP,SPP,SPP,Existing,SPP,,622.1,,,622.1,431.8312364,0.967697932
p40,p53,SPP,SPP,SPP,Existing,SPP,,0.0,,,0.0,381.0604423,0.971547611
p41,p45,SPP,MISO,SPP / MISO,Cross-TransReg,Cross-Region,JTIQ Project,2798.1,1792.0,2035.0,4590.1,128.9737616,0.955265053
p41,p70,SPP,MISO,SPP / MISO,Existing,Cross-Region,,819.4,,,819.4,333.7771906,0.966393045
p41,p54,SPP,SPP,SPP,Existing,SPP,,1923.0,,,1923.0,261.8982482,0.98042169
p42,p43,MISO,MISO,MISO,Existing,MISO,,2296.6,,,2296.6,325.6201077,0.975544886
p43,p46,MISO,MISO,MISO,Existing,MISO,,1555.0,,,1555.0,116.0741117,0.959600257
p43,p68,MISO,MISO,MISO,Existing,MISO,LRTP-24: Lakefield Junction - Pleasant Valley - North Rochester,1959.9,5500.0,2035.0,7459.9,78.224822,0.972798712
p44,p45,MISO,MISO,MISO,Existing,MISO,,64.6,,,64.6,252.7459319,0.981111141
p44,p68,MISO,MISO,MISO,Existing,MISO,JTIQ Lyon Co - Lakefield Junction,202.8,1792.0,2035.0,1994.8,144.9415679,0.949758843
p45,p70,MISO,MISO,MISO,Planned Intra-Region,MISO,LRTP-39: Lehigh - Marshalltown - Franklin North & Montezuma,2277.9,1792.0,2035.0,4069.9,252.1569396,0.981167796
p45,p54,MISO,SPP,MISO / SPP,Existing,Cross-Region,,429.2,,,429.2,418.6229311,0.968633699
p45,p68,MISO,MISO,MISO,Existing,MISO,,362.4,,,362.4,258.2695549,0.980702655
p45,p69,MISO,MISO,MISO,Existing,MISO,,188.4,,,188.4,332.4741742,0.975154097
p46,p68,MISO,MISO,MISO,Existing,MISO,LRTP-04: Wilmarth North Rochester Tremval,66.6,1792.0,2028.0,1858.6,252.7187105,0.981064458
p46,p74,MISO,MISO,MISO,Existing,MISO,,10.6,,,10.6,546.8990842,0.968636195
p46,p75,MISO,MISO,MISO,Existing,MISO,,154.2,,,154.2,313.0357849,0.976531006
p46,p76,MISO,MISO,MISO,Existing,MISO,LRTP-06: Tremval Rocky Run Columbia,241.6,1792.0,2030.0,2033.6,280.3773544,0.979002714
p46,p77,MISO,MISO,MISO,Existing,MISO,,224.5,,,224.5,137.5392552,0.951981124
p46,p78,MISO,MISO,MISO,Existing,MISO,,0.0,,,0.0,274.4395229,0.979405143
p47,p48,SPP,SPP,SPP,Existing,SPP,Line - Potter 765 kV - Crossroads 765 kV - Phantom 765 kV,2843.7,5300.0,2035.0,8143.7,252.3751206,0.981165544
p48,p49,SPP,SPP,SPP,Existing,SPP,,1115.1,,,1115.1,353.6961588,0.973612462
p48,p50,SPP,SPP,SPP,Existing,SPP,Line  - Beckham County - Potter -345 kV New Line,1691.8,1792.0,2035.0,3483.8,503.1076404,0.97123745
p49,p50,SPP,SPP,SPP,Planned Intra-Region,SPP,Plains & Eastern Clean Line,45.2,4000.0,2035.0,4045.2,388.5496668,0.970953551
p49,p52,SPP,SPP,SPP,Existing,SPP,,105.5,,,105.5,158.1333683,0.945121248
p49,p53,SPP,SPP,SPP,Existing,SPP,,8.0,,,8.0,400.2175132,0.970140061
p5,p10,NorthernGrid,CAISO,NorthernGrid / CAISO,Existing,Cross-Region,,2780.0,,,2780.0,1578.690535,0.907579354
p5,p14,NorthernGrid,NorthernGrid,NorthernGrid,Existing,NorthernGrid,,352.0,,,352.0,570.9277795,0.96729554
p5,p15,NorthernGrid,NorthernGrid,NorthernGrid,Existing,NorthernGrid,,478.0,,,478.0,656.1759548,0.962399065
p5,p6,NorthernGrid,NorthernGrid,NorthernGrid,Existing,NorthernGrid,Blueprint South: Snow Goose to Full Circle 500kV Line,3809.0,2482.0,2035.0,6291.0,481.596118,0.972363722
p5,p7,NorthernGrid,NorthernGrid,NorthernGrid,Existing,NorthernGrid,Monutain View-Lambert #2 400-599kV Line | Monutain View-Lambert #1 400-599kV Line,1778.0,7966.0,2035.0,9744.0,582.7741691,0.966599214
p50,p56,SPP,SPP,SPP,Planned Intra-Region,SPP,Plains & Eastern Clean Line,878.2,4000.0,2035.0,4878.2,312.3140463,0.976609992
p50,p60,SPP,ERCOT,SPP / ERCOT,Existing,Cross-Region,,220.0,,,220.0,522.1814882,0.970147057
p50,p85,SPP,MISO,SPP / MISO,Existing,Cross-Region,,225.7,,,225.7,516.9314998,0.970358873
p50,p53,SPP,SPP,SPP,Existing,SPP,,104.2,,,104.2,261.8032767,0.980453253
p50,p57,SPP,SPP,SPP,Existing,SPP,,952.1,,,952.1,488.5079115,0.972004403
p51,p53,SPP,SPP,SPP,Existing,SPP,,112.8,,,112.8,197.1226542,0.931633136
p51,p55,SPP,SPP,SPP,Existing,SPP,Line - mo kV Ckt 1 New Line,35.4,1792.0,2035.0,1827.4,253.4765269,0.980992003
p51,p56,SPP,SPP,SPP,Existing,SPP,Multi - Ft Smith - Muskogee 345 kV New Line Muskogee - Talequah 161 kV Rebuild,3107.6,2598.0,2035.0,5705.6,142.5638292,0.950544599
p52,p53,SPP,SPP,SPP,Existing,SPP,,610.7,,,610.7,311.9387074,0.976730037
p53,p54,SPP,SPP,SPP,Planned Intra-Region,SPP,Grain Belt Line,1406.6,5000.0,2030.0,6406.6,279.9176464,0.979019023
p53,p55,SPP,SPP,SPP,Existing,SPP,,1085.7,,,1085.7,356.1127453,0.973361658
p54,p72,SPP,MISO,SPP / MISO,Cross-TransReg,Cross-Region,Grain Belt Line,1184.0,5000.0,2030.0,6184.0,328.471303,0.975420621
p54,p70,SPP,MISO,SPP / MISO,Existing,Cross-Region,LRTP-09: Orient Denny - Fairport,192.9,1792.0,2030.0,1984.9,280.9659736,0.978926056
p54,p71,SPP,MISO,SPP / MISO,Existing,Cross-Region,,158.5,,,158.5,262.3227766,0.980382993
p54,p55,SPP,SPP,SPP,Existing,SPP,,1037.2,,,1037.2,264.9810016,0.98017806
p55,p72,SPP,MISO,SPP / MISO,Existing,Cross-Region,,139.8,,,139.8,277.877539,0.979114185
p55,p84,SPP,MISO,SPP / MISO,Existing,Cross-Region,,997.7,,,997.7,292.9212064,0.978006998
p55,p85,SPP,MISO,SPP / MISO,Existing,Cross-Region,,490.0,,,490.0,333.7771906,0.966393045
p55,p56,SPP,SPP,SPP,Existing,SPP,,206.6,,,206.6,118.1765783,0.958971526
p56,p85,SPP,MISO,SPP / MISO,Cross-TransReg,Cross-Region,Plains & Eastern Clean Line,1935.8,4000.0,2035.0,5935.8,253.9442768,0.980952076
p56,p57,SPP,SPP,SPP,Existing,SPP,,0.0,,,0.0,538.2790402,0.969124153
p57,p58,SPP,MISO,SPP / MISO,Existing,Cross-Region,,1325.6,,,1325.6,619.2670481,0.964529892
p57,p63,SPP,ERCOT,SPP / ERCOT,Existing,Cross-Region,,600.0,,,600.0,260.1604419,0.980525804
p57,p66,SPP,MISO,SPP / MISO,Existing,Cross-Region,,464.0,,,464.0,294.7763767,0.977876431
p57,p85,SPP,MISO,SPP / MISO,Existing,Cross-Region,,319.0,,,319.0,383.4383375,0.971218884
p58,p66,MISO,MISO,MISO,Existing,MISO,,3051.2,,,3051.2,388.4219365,0.970945831
p58,p85,MISO,MISO,MISO,Existing,MISO,,142.4,,,142.4,646.4005135,0.963005073
p58,p87,MISO,MISO,MISO,Existing,MISO,,4042.4,,,4042.4,286.8246856,0.978484022
p6,p9,NorthernGrid,CAISO,NorthernGrid / CAISO,Existing,Cross-Region,,2366.9,,,2366.9,547.8484683,0.949055754
p6,p7,NorthernGrid,NorthernGrid,NorthernGrid,Existing,NorthernGrid,,797.0,,,797.0,660.5231805,0.962031776
p6,p8,NorthernGrid,NorthernGrid,NorthernGrid,Existing,NorthernGrid,,1939.0,,,1939.0,144.8284289,0.949618137
p60,p61,ERCOT,ERCOT,ERCOT,Existing,ERCOT,Howard to Solstice 765kV | Solstice to Howard New 765 kV line and two 765/345 kV autotransformers at Solstice | Construct Drill Hole Riverton 345 kV Double-Circuit,2473.0,17216.0,2035.0,19689.0,143.7545981,0.950147504
p60,p62,ERCOT,ERCOT,ERCOT,Existing,ERCOT,Drill Hole to Longshore 765 kV Line,2303.0,5300.0,2028.0,7603.0,71.62310601,0.975230342
p60,p63,ERCOT,ERCOT,ERCOT,Existing,ERCOT,Construct Clearfork - Drill Hole 345 kV DCKT Line,2003.0,2988.0,2030.0,4991.0,383.6718818,0.971320748
p61,p62,ERCOT,ERCOT,ERCOT,Existing,ERCOT,,832.0,,,832.0,186.6437651,0.935317135
p61,p63,ERCOT,ERCOT,ERCOT,Existing,ERCOT,,456.0,,,456.0,316.1837131,0.976350881
p61,p64,ERCOT,ERCOT,ERCOT,Existing,ERCOT,,238.0,,,238.0,321.350132,0.975983309
p61,p65,ERCOT,ERCOT,ERCOT,Existing,ERCOT,San Miguel to Cruce 345 kV lines,466.0,1983.0,2028.0,2449.0,290.4570197,0.978240449
p63,p87,ERCOT,MISO,ERCOT / MISO,Cross-TransReg,Cross-Region,Southern Spirit,0.0,3000.0,2035.0,3000.0,514.99,0.972
p63,p64,ERCOT,ERCOT,ERCOT,Existing,ERCOT,,4440.0,,,4440.0,262.8779709,0.98029099
p63,p67,ERCOT,ERCOT,ERCOT,Existing,ERCOT,,2138.0,,,2138.0,333.7771906,0.966393045
p64,p65,ERCOT,ERCOT,ERCOT,Existing,ERCOT,,6298.0,,,6298.0,95.9448671,0.966615669
p64,p67,ERCOT,ERCOT,ERCOT,Existing,ERCOT,,2207.0,,,2207.0,256.7902515,0.980770437
p65,p67,ERCOT,ERCOT,ERCOT,Existing,ERCOT,,6360.0,,,6360.0,283.7379118,0.978786992
p66,p86,MISO,MISO,MISO,Existing,MISO,,1046.6,,,1046.6,486.5278035,0.972159158
p68,p69,MISO,MISO,MISO,Existing,MISO,,949.4,,,949.4,227.6745773,0.921127436
p68,p77,MISO,MISO,MISO,Existing,MISO,,55.7,,,55.7,331.0166358,0.97521792
p69,p70,MISO,MISO,MISO,Existing,MISO,,1130.6,,,1130.6,131.0295439,0.95448526
p69,p77,MISO,MISO,MISO,Existing,MISO,,93.7,,,93.7,251.3916059,0.98120704
p7,p12,NorthernGrid,NorthernGrid,NorthernGrid,Existing,NorthernGrid,,1.0,,,1.0,333.7771906,0.966393045
p7,p15,NorthernGrid,NorthernGrid,NorthernGrid,Existing,NorthernGrid,,1303.0,,,1303.0,74.71108135,0.974048542
p7,p8,NorthernGrid,NorthernGrid,NorthernGrid,Existing,NorthernGrid,,50.0,,,50.0,671.789317,0.961404599
p70,p80,MISO,PJM,MISO / PJM,Cross-TransReg,Cross-Region,SOO Green,281.0,2100.0,2035.0,2381.0,482.0051422,0.97245948
p70,p71,MISO,MISO,MISO,Existing,MISO,LRTP-10: Denny Zachary Thomas Hill Maywood,241.7,1792.0,2030.0,2033.7,314.1044267,0.976483774
p70,p77,MISO,MISO,MISO,Existing,MISO,,17.7,,,17.7,424.3907894,0.968199667
p70,p81,MISO,MISO,MISO,Existing,MISO,LRTP-40: Sub T - Woodford County - Collins & Reynolds | LRTP-13: Skunk River Ipava,453.4,7292.0,2035.0,7745.4,270.4123103,0.979773984
p71,p72,MISO,MISO,MISO,Existing,MISO,LRTP-37: Maywood - Belleau - MRPD - Sioux - Bugle,1188.8,1792.0,2035.0,2980.8,115.9445901,0.95963756
p71,p81,MISO,MISO,MISO,Existing,MISO,LRTP-11: Maywood Meredosia,270.5,1792.0,2028.0,2062.5,251.943818,0.981148834
p72,p81,MISO,MISO,MISO,Planned Intra-Region,MISO,Grain Belt Line,3609.6,5000.0,2030.0,8609.6,337.2930892,0.974775886
p72,p73,MISO,MISO,MISO,Existing,MISO,,2014.8,,,2014.8,165.5338625,0.942277253
p72,p84,MISO,MISO,MISO,Existing,MISO,,1918.3,,,1918.3,274.7878628,0.97937006
p73,p84,MISO,MISO,MISO,Existing,MISO,,1343.1,,,1343.1,272.4897393,0.979568369
p74,p103,MISO,MISO,MISO,Existing,MISO,,422.0,,,422.0,1246.39796,0.920309011
p74,p75,MISO,MISO,MISO,Existing,MISO,LRTP-18: Oneida Nelson Rd.,899.5,1792.0,2030.0,2691.5,281.3129664,0.978888232
p75,p76,MISO,MISO,MISO,Existing,MISO,,2489.6,,,2489.6,37.03760365,0.987082333
p75,p79,MISO,MISO,MISO,Existing,MISO,,133.6,,,133.6,144.9383786,0.949742516
p76,p77,MISO,MISO,MISO,Existing,MISO,,473.0,,,473.0,219.0426673,0.923852936
p76,p78,MISO,MISO,MISO,Existing,MISO,,1065.5,,,1065.5,180.9973589,0.937251429
p76,p79,MISO,MISO,MISO,Existing,MISO,LRTP-30: Columbia - Sugar Creek | LRTP-28: South Fond du Lac - Rockdale - Big Bend - Sugar Creek  - Kitty Hawk,562.7,7292.0,2035.0,7854.7,120.4694994,0.958277311
p77,p80,MISO,PJM,MISO / PJM,Existing,Cross-Region,,13.1,,,13.1,305.1528029,0.977113977
p77,p78,MISO,MISO,MISO,Existing,MISO,,213.5,,,213.5,149.6584042,0.948009128
p78,p80,MISO,PJM,MISO / PJM,Existing,Cross-Region,,197.6,,,197.6,257.821693,0.980706345
p78,p79,MISO,MISO,MISO,Existing,MISO,,192.9,,,192.9,136.6695798,0.952522961
p79,p80,MISO,PJM,MISO / PJM,Existing,Cross-Region,LRTP-31: Sugar Creek - Collins,1514.6,5500.0,2035.0,7014.6,77.51006978,0.97305405
p8,p9,NorthernGrid,CAISO,NorthernGrid / CAISO,Existing,Cross-Region,,85.2,,,85.2,396.4614887,0.95192975
p8,p12,NorthernGrid,NorthernGrid,NorthernGrid,Existing,NorthernGrid,,300.0,,,300.0,333.7771906,0.966393045
p80,p105,PJM,MISO,PJM / MISO,Existing,Cross-Region,LRTP-42: Burr Oak - Schahfer | LRTP-16: Morrison Ditch Reynolds Burr Oak Leesburg Hiple,4210.9,3584.0,2035.0,7794.9,256.8291124,0.980775092
p80,p81,PJM,MISO,PJM / MISO,Existing,Cross-Region,,953.1,,,953.1,159.544503,0.944664994
p80,p82,PJM,MISO,PJM / MISO,Existing,Cross-Region,,1825.0,,,1825.0,151.1212616,0.947641701
p80,p83,PJM,MISO,PJM / MISO,Existing,Cross-Region,LRTP-15: Sidney Paxton East Gilman South Morrison Ditch,473.6,1792.0,2030.0,2265.6,150.8700577,0.947803124
p81,p83,MISO,MISO,MISO,Planned Intra-Region,MISO,LRTP-14: Ipava Maple Ridge Tazewell Brokaw Paxton East | Reconductor Coffeen North-Roxford 345 kV line,2843.9,4292.0,2030.0,7135.9,257.7818915,0.980737964
p81,p93,MISO,SERTP,MISO / SERTP,Existing,Cross-Region,,2521.8,,,2521.8,665.3923882,0.961927569
p81,p107,MISO,MISO,MISO,Existing,MISO,,25.6,,,25.6,333.7771906,0.966393045
p81,p108,MISO,MISO,MISO,Existing,MISO,,100.9,,,100.9,540.8556463,0.969074185
p81,p82,MISO,MISO,MISO,Existing,MISO,LRTP-41: Woodford County - Fargo & Radbourn,1570.0,1792.0,2035.0,3362.0,104.3051796,0.963828464
p82,p83,MISO,MISO,MISO,Existing,MISO,,1283.6,,,1283.6,119.8480847,0.958473752
p83,p107,MISO,MISO,MISO,Planned Intra-Region,MISO,n7204,801.8,1000.0,2030.0,1801.8,282.5467344,0.978880189
p83,p105,MISO,MISO,MISO,Existing,MISO,,321.0,,,321.0,290.3483763,0.978286582
p84,p92,MISO,SERTP,MISO / SERTP,Existing,Cross-Region,,449.3,,,449.3,473.0100992,0.917812806
p84,p85,MISO,MISO,MISO,Existing,MISO,,3000.0,,,3000.0,268.5262587,0.979916888
p85,p92,MISO,SERTP,MISO / SERTP,Existing,Cross-Region,,1023.3,,,1023.3,555.0546368,0.958436865
p85,p86,MISO,MISO,MISO,Existing,MISO,,3957.5,,,3957.5,303.2595571,0.977306989
p85,p87,MISO,MISO,MISO,Existing,MISO,,1662.7,,,1662.7,355.3810012,0.97336455
p87,p88,MISO,SERTP,MISO / SERTP,Existing,Cross-Region,,1412.3,,,1412.3,255.6286883,0.980832296
p87,p89,MISO,SERTP,MISO / SERTP,Existing,Cross-Region,,1162.3,,,1162.3,364.0120159,0.972654855
p87,p90,MISO,SERTP,MISO / SERTP,Existing,Cross-Region,,1837.7,,,1837.7,280.480923,0.978854565
p87,p92,MISO,SERTP,MISO / SERTP,Existing,Cross-Region,,483.4,,,483.4,627.4445566,0.952984165
p88,p89,SERTP,SERTP,SERTP,Existing,SERTP,,1929.9,,,1929.9,250.8721686,0.981181042
p88,p92,SERTP,SERTP,SERTP,Existing,SERTP,,1970.9,,,1970.9,431.182413,0.932195612
p89,p90,SERTP,SERTP,SERTP,Existing,SERTP,,4608.1,,,4608.1,338.1770647,0.97459873
p89,p92,SERTP,SERTP,SERTP,Existing,SERTP,,1349.1,,,1349.1,554.7601852,0.958350388
p89,p94,SERTP,SERTP,SERTP,Existing,SERTP,,992.2,,,992.2,254.4533663,0.980862949
p9,p12,CAISO,NorthernGrid,CAISO / NorthernGrid,Existing,Cross-Region,New Humboldt 500 kV Substation with 500 kV line to Collinsville [HVDC operated as AC] | New Humboldt to Fern Road 500 kV Line | Shaffer Substation,105.9,6195.0,2035.0,6300.9,328.3414855,0.956986281
p90,p91,SERTP,SERTP,SERTP,Existing,SERTP,,2856.9,,,2856.9,80.31530789,0.971962305
p90,p94,SERTP,SERTP,SERTP,Existing,SERTP,,5066.1,,,5066.1,496.0601559,0.971498594
p91,p101,SERTP,FRCC,SERTP / FRCC,Existing,Cross-Region,,1152.3,,,1152.3,796.993888,0.939624453
p91,p94,SERTP,SERTP,SERTP,Existing,SERTP,,640.5,,,640.5,486.7341896,0.972062026
p92,p108,SERTP,MISO,SERTP / MISO,Existing,Cross-Region,,3286.6,,,3286.6,451.3854423,0.925070213
p92,p109,SERTP,PJM,SERTP / PJM,Existing,Cross-Region,,229.3,,,229.3,564.9590679,0.957557052
p92,p118,SERTP,PJM,SERTP / PJM,Existing,Cross-Region,,127.2,,,127.2,978.995863,0.938476602
p92,p93,SERTP,SERTP,SERTP,Existing,SERTP,,4832.3,,,4832.3,344.9873676,0.962130298
p92,p94,SERTP,SERTP,SERTP,Existing,SERTP,,721.0,,,721.0,584.8138288,0.956145566
p92,p97,SERTP,SERTP,SERTP,Existing,SERTP,,3600.0,,,3600.0,924.373733,0.941621656
p93,p108,SERTP,MISO,SERTP / MISO,Existing,Cross-Region,,2012.3,,,2012.3,114.3861172,0.960168597
p93,p109,SERTP,PJM,SERTP / PJM,Existing,Cross-Region,,1459.0,,,1459.0,147.6962311,0.948499266
p94,p101,SERTP,FRCC,SERTP / FRCC,Existing,Cross-Region,,2447.7,,,2447.7,638.4434422,0.948618576
p94,p95,SERTP,SERTP,SERTP,Existing,SERTP,,2392.0,,,2392.0,125.5551448,0.956262083
p94,p96,SERTP,SERTP,SERTP,Existing,SERTP,,802.9,,,802.9,252.8643996,0.98097204
p94,p97,SERTP,SERTP,SERTP,Existing,SERTP,,47.1,,,47.1,282.1911567,0.978781657
p95,p96,SERTP,SERTP,SERTP,Existing,SERTP,,1705.1,,,1705.1,140.6716799,0.951065897
p95,p97,SERTP,SERTP,SERTP,Existing,SERTP,,5283.2,,,5283.2,128.7882197,0.955081339
p95,p98,SERTP,SERTP,SERTP,Existing,SERTP,,1401.5,,,1401.5,486.9834299,0.971980332
p96,p98,SERTP,SERTP,SERTP,Existing,SERTP,,1990.7,,,1990.7,262.4209385,0.98029474
p97,p118,SERTP,PJM,SERTP / PJM,Existing,Cross-Region,,902.1,,,902.1,257.773768,0.98059506
p97,p99,SERTP,PJM,SERTP / PJM,Existing,Cross-Region,,0.0,,,0.0,553.1799004,0.948968277
p97,p98,SERTP,SERTP,SERTP,Existing,SERTP,,3088.5,,,3088.5,264.4773268,0.980115523
p98,p99,SERTP,PJM,SERTP / PJM,Existing,Cross-Region,n7147,4349.8,1100.0,2028.0,5449.8,317.0892117,0.958119839
p99,p100,PJM,PJM,PJM,Existing,PJM,s2853.2a | s2853.2b,1057.2,1560.0,2028.0,2617.2,317.0237037,0.958077035
p99,p116,PJM,PJM,PJM,Existing,PJM,,590.5,,,590.5,547.4497673,0.949326378
p99,p118,PJM,PJM,PJM,Existing,PJM,n8376,1651.8,1530.0,2030.0,3181.8,344.0368226,0.956100309
p99,p121,PJM,PJM,PJM,Existing,PJM,b3800.124 | b3800.240,798.4,5000.0,2030.0,5798.4,333.7771906,0.966393045
p99,p123,PJM,PJM,PJM,Existing,PJM,,3900.0,,,3900.0,333.3869182,0.953741244
p115,p99,PJM,PJM,PJM,Planned Intra-Region,PJM,b3800.212,0.0,2500.0,2028.0,2500.0,35.40548,0.969236
p122,p99,PJM,PJM,PJM,Planned Intra-Region,PJM,b3800.119,0.0,2500.0,2028.0,2500.0,120.7005,0.969236
p12,p15,NorthernGrid,NorthernGrid,NorthernGrid,Planned Intra-Region,NorthernGrid,Midpoint - Robinson Summit 500 kV (SWIP-North),0.0,2000.0,2028.0,2000.0,442.5685,0.969692
p24,p25,WestConnect,NorthernGrid,NorthernGrid / WestConnect,Planned Cross-Region,Cross-Region,Aeolus-Clover 400-599 kV line#1,0.0,1700.0,2024.0,1700.0,666.26676,0.956895
p39,p52,SPP,SPP,SPP,Planned Intra-Region,SPP,Line - Holcomb - Sidney 345 kV Ckt 1 New Line,0.0,1792.0,2035.0,1792.0,482.802,0.968311
p41,p53,SPP,SPP,SPP,Planned Intra-Region,SPP,Line - Auburn 345 kV - Hoyt 345 kV New Line (JTIQ),0.0,1792.0,2035.0,1792.0,88.5137,0.968311
p94,p90,SERTP,SERTP,SERTP,Planned Intra-Region,SERTP,Farley-Tazewell 500kV,0.0,2500.0,2030.0,2500.0,193.1208,0.955369
p38,p68,SPP,MISO,MISO / SPP,Planned Cross-Region,Cross-Region,LRTP-22: Big Stone South - Brookings County - Lakefield Junction,0.0,5500.0,2035.0,5500.0,270.36912,0.971964
p68,p70,MISO,MISO,MISO,Planned Intra-Region,MISO,"LRTP-23: Lakefield Junction - East Adair [Facility IDs 50928, 50929] | LRTP-23: Lakefield Junction - East Adair [Facility IDs 50935, 50932]",0.0,7292.0,2035.0,7292.0,341.18008,0.966771
p43,p76,MISO,MISO,MISO,Planned Intra-Region,MISO,LRTP-26: North Rochester - Columbia,0.0,5500.0,2035.0,5500.0,439.34982,0.966771
p9,p10,,,,New,,New Manning – Metcalf 500kV Line (WestTEC 10-Yr Horizon),0.0,3291.0,2035.0,3291.0,160.9,0.990693
p28,p31,,,,New,,"New Pinal Central – Saguaro – Winchester – Macho Springs – Tom Wray 500kV Line (e.g., RioSol) (WestTEC 10-Yr Horizon)",0.0,1600.0,2035.0,1600.0,885.1,0.949860
p5,p12,,,,New,,New Walker – Bonanza 500kV Line (WestTEC 10-Yr Horizon),0.0,3500.0,2035.0,3500.0,603.5,0.965540
