Scenario,State,Year,Nominal Capacity (GW),Peak Load (GW),Annual Energy (TWh)
Historical,AK,2021,0.0,0.0,0.0
Historical,AK,2022,0.0,0.0,0.0
Historical,AK,2023,0.0,0.0,0.0
Historical,AK,2024,0.0,0.0,0.0
Historical,AL,2021,0.017,0.017,0.147
Historical,AL,2022,0.167,0.127,0.842
Historical,AL,2023,0.17,0.156,1.15
Historical,AL,2024,0.353,0.2,1.69
Historical,AR,2021,0.0,0.0,0.0
Historical,AR,2022,0.0,0.0,0.0
Historical,AR,2023,0.0,0.0,0.0
Historical,AR,2024,0.011,0.002,0.018
Historical,AZ,2021,0.472,0.467,3.94
Historical,AZ,2022,0.652,0.578,4.74
Historical,AZ,2023,0.74,0.627,5.23
Historical,AZ,2024,1.86,0.877,7.4
Historical,CA,2021,0.935,0.862,7.3
Historical,CA,2022,1.06,0.93,7.8
Historical,CA,2023,1.23,0.981,8.27
Historical,CA,2024,1.5,1.07,9.06
Historical,CO,2021,0.092,0.094,0.793
Historical,CO,2022,0.248,0.194,1.43
Historical,CO,2023,0.258,0.223,1.73
Historical,CO,2024,0.241,0.232,1.96
Historical,CT,2021,0.029,0.031,0.26
Historical,CT,2022,0.03,0.031,0.265
Historical,CT,2023,0.03,0.032,0.267
Historical,CT,2024,0.029,0.032,0.269
Historical,DE,2021,0.0,0.0,0.0
Historical,DE,2022,0.0,0.0,0.0
Historical,DE,2023,0.0,0.0,0.0
Historical,DE,2024,0.014,0.003,0.022
Historical,FL,2021,0.08,0.109,0.919
Historical,FL,2022,0.097,0.122,0.996
Historical,FL,2023,0.158,0.137,1.13
Historical,FL,2024,0.188,0.155,1.3
Historical,GA,2021,0.297,0.284,2.39
Historical,GA,2022,0.789,0.574,4.48
Historical,GA,2023,1.17,0.731,5.97
Historical,GA,2024,1.77,0.958,8.05
Historical,HI,2021,0.001,0.001,0.007
Historical,HI,2022,0.001,0.001,0.009
Historical,HI,2023,0.001,0.001,0.009
Historical,HI,2024,0.008,0.002,0.021
Historical,IA,2021,0.141,0.14,1.17
Historical,IA,2022,0.707,0.519,3.91
Historical,IA,2023,0.826,0.659,5.32
Historical,IA,2024,1.7,0.94,7.89
Historical,ID,2021,0.015,0.016,0.139
Historical,ID,2022,0.017,0.018,0.146
Historical,ID,2023,0.017,0.018,0.15
Historical,ID,2024,0.089,0.031,0.265
Historical,IL,2021,0.793,0.788,6.68
Historical,IL,2022,0.985,0.918,7.51
Historical,IL,2023,1.07,0.968,8.0
Historical,IL,2024,1.6,1.08,9.19
Historical,IN,2021,0.019,0.021,0.176
Historical,IN,2022,0.022,0.022,0.187
Historical,IN,2023,0.16,0.047,0.391
Historical,IN,2024,0.292,0.097,0.82
Historical,KS,2021,0.001,0.001,0.008
Historical,KS,2022,0.001,0.001,0.008
Historical,KS,2023,0.001,0.001,0.009
Historical,KS,2024,0.044,0.009,0.08
Historical,KY,2021,0.009,0.008,0.067
Historical,KY,2022,0.15,0.089,0.647
Historical,KY,2023,0.185,0.119,0.952
Historical,KY,2024,0.375,0.174,1.46
Historical,LA,2021,0.002,0.002,0.019
Historical,LA,2022,0.007,0.006,0.042
Historical,LA,2023,0.009,0.007,0.055
Historical,LA,2024,0.009,0.008,0.067
Historical,MA,2021,0.16,0.158,1.34
Historical,MA,2022,0.16,0.158,1.34
Historical,MA,2023,0.16,0.158,1.34
Historical,MA,2024,0.171,0.16,1.36
Historical,MD,2021,0.009,0.009,0.075
Historical,MD,2022,0.011,0.01,0.085
Historical,MD,2023,0.011,0.011,0.09
Historical,MD,2024,0.063,0.021,0.179
Historical,ME,2021,0.0,0.0,0.0
Historical,ME,2022,0.003,0.002,0.014
Historical,ME,2023,0.003,0.003,0.02
Historical,ME,2024,0.002,0.003,0.024
Historical,MI,2021,0.019,0.018,0.154
Historical,MI,2022,0.021,0.019,0.161
Historical,MI,2023,0.06,0.027,0.228
Historical,MI,2024,0.097,0.042,0.354
Historical,MN,2021,0.059,0.06,0.509
Historical,MN,2022,0.059,0.06,0.509
Historical,MN,2023,0.069,0.062,0.524
Historical,MN,2024,0.106,0.072,0.612
Historical,MO,2021,0.089,0.117,0.981
Historical,MO,2022,0.111,0.131,1.07
Historical,MO,2023,0.111,0.135,1.12
Historical,MO,2024,0.224,0.156,1.31
Historical,MS,2021,0.0,0.0,0.0
Historical,MS,2022,0.0,0.0,0.0
Historical,MS,2023,0.0,0.0,0.0
Historical,MS,2024,0.046,0.009,0.075
Historical,MT,2021,0.0,0.0,0.0
Historical,MT,2022,0.066,0.048,0.308
Historical,MT,2023,0.066,0.061,0.442
Historical,MT,2024,0.106,0.07,0.596
Historical,NC,2021,0.344,0.264,2.24
Historical,NC,2022,0.491,0.345,2.82
Historical,NC,2023,0.506,0.374,3.12
Historical,NC,2024,0.746,0.439,3.7
Historical,ND,2021,0.001,0.001,0.007
Historical,ND,2022,0.101,0.055,0.394
Historical,ND,2023,0.447,0.126,1.03
Historical,ND,2024,0.64,0.229,1.93
Historical,NE,2021,0.052,0.053,0.442
Historical,NE,2022,0.352,0.245,1.84
Historical,NE,2023,0.806,0.394,3.22
Historical,NE,2024,1.02,0.567,4.79
Historical,NH,2021,0.002,0.002,0.017
Historical,NH,2022,0.002,0.002,0.017
Historical,NH,2023,0.002,0.002,0.017
Historical,NH,2024,0.004,0.002,0.019
Historical,NJ,2021,0.41,0.427,3.62
Historical,NJ,2022,0.41,0.427,3.62
Historical,NJ,2023,0.555,0.461,3.9
Historical,NJ,2024,0.547,0.494,4.19
Historical,NM,2021,0.036,0.036,0.306
Historical,NM,2022,0.046,0.043,0.348
Historical,NM,2023,0.046,0.045,0.368
Historical,NM,2024,0.393,0.117,0.98
Historical,NV,2021,0.487,0.432,3.66
Historical,NV,2022,0.606,0.5,4.09
Historical,NV,2023,0.613,0.519,4.3
Historical,NV,2024,0.866,0.578,4.89
Historical,NY,2021,0.217,0.22,1.85
Historical,NY,2022,0.308,0.276,2.25
Historical,NY,2023,0.633,0.348,2.89
Historical,NY,2024,1.08,0.511,4.3
Historical,OH,2021,0.183,0.176,1.48
Historical,OH,2022,0.396,0.316,2.49
Historical,OH,2023,1.17,0.494,4.06
Historical,OH,2024,2.1,0.812,6.82
Historical,OK,2021,0.033,0.034,0.287
Historical,OK,2022,0.12,0.093,0.66
Historical,OK,2023,0.14,0.114,0.871
Historical,OK,2024,0.745,0.233,1.96
Historical,OR,2021,0.203,0.185,1.56
Historical,OR,2022,0.741,0.578,4.39
Historical,OR,2023,1.6,0.844,6.85
Historical,OR,2024,2.98,1.31,11.0
Historical,PA,2021,0.041,0.043,0.358
Historical,PA,2022,0.222,0.146,1.1
Historical,PA,2023,0.524,0.231,1.88
Historical,PA,2024,0.631,0.325,2.73
Historical,RI,2021,0.001,0.001,0.006
Historical,RI,2022,0.002,0.002,0.012
Historical,RI,2023,0.002,0.002,0.014
Historical,RI,2024,0.003,0.002,0.017
Historical,SC,2021,0.079,0.069,0.576
Historical,SC,2022,0.146,0.107,0.851
Historical,SC,2023,0.231,0.133,1.1
Historical,SC,2024,0.551,0.212,1.78
Historical,SD,2021,0.008,0.009,0.073
Historical,SD,2022,0.008,0.009,0.076
Historical,SD,2023,0.008,0.009,0.077
Historical,SD,2024,0.03,0.013,0.114
Historical,TN,2021,0.025,0.025,0.207
Historical,TN,2022,0.091,0.06,0.459
Historical,TN,2023,0.264,0.105,0.866
Historical,TN,2024,0.755,0.235,1.97
Historical,TX,2021,1.42,1.47,16.8
Historical,TX,2022,2.22,2.02,20.4
Historical,TX,2023,5.16,2.68,25.5
Historical,TX,2024,7.32,3.65,33.5
Historical,US,2021,10.5,10.3,91.4
Historical,US,2022,16.0,13.9,116.0
Historical,US,2023,25.5,16.7,141.0
Historical,US,2024,39.8,21.5,184.0
Historical,UT,2021,0.207,0.215,1.81
Historical,UT,2022,0.382,0.328,2.52
Historical,UT,2023,0.382,0.358,2.84
Historical,UT,2024,0.497,0.389,3.27
Historical,VA,2021,2.7,2.72,22.9
Historical,VA,2022,3.19,3.05,25.2
Historical,VA,2023,4.69,3.42,28.5
Historical,VA,2024,6.37,4.02,33.9
Historical,VT,2021,0.0,0.0,0.0
Historical,VT,2022,0.0,0.0,0.0
Historical,VT,2023,0.0,0.0,0.0
Historical,VT,2024,0.002,0.0,0.003
Historical,WA,2021,0.561,0.551,4.63
Historical,WA,2022,0.605,0.586,4.86
Historical,WA,2023,1.03,0.662,5.52
Historical,WA,2024,1.16,0.753,6.34
Historical,WI,2021,0.01,0.009,0.08
Historical,WI,2022,0.012,0.011,0.09
Historical,WI,2023,0.019,0.013,0.105
Historical,WI,2024,0.083,0.027,0.228
Historical,WV,2021,0.0,0.0,0.0
Historical,WV,2022,0.0,0.0,0.0
Historical,WV,2023,0.0,0.0,0.0
Historical,WV,2024,0.0,0.0,0.0
Historical,WY,2021,0.212,0.167,1.42
Historical,WY,2022,0.212,0.167,1.42
Historical,WY,2023,0.212,0.167,1.42
Historical,WY,2024,0.341,0.19,1.61
Low,AK,2024,0.0,0.0,0.0
Low,AK,2025,0.0,0.0,0.0
Low,AK,2026,0.0,0.0,0.0
Low,AK,2027,0.0,0.0,0.0
Low,AK,2028,0.0,0.0,0.001
Low,AK,2029,0.0,0.0,0.001
Low,AK,2030,0.0,0.0,0.001
Low,AL,2024,0.315,0.193,1.63
Low,AL,2025,0.338,0.227,1.92
Low,AL,2026,0.361,0.267,2.25
Low,AL,2027,0.384,0.311,2.62
Low,AL,2028,0.407,0.358,3.02
Low,AL,2029,0.431,0.38,3.2
Low,AL,2030,0.454,0.401,3.38
Low,AR,2024,0.008,0.001,0.012
Low,AR,2025,0.008,0.003,0.025
Low,AR,2026,0.008,0.004,0.037
Low,AR,2027,0.008,0.006,0.05
Low,AR,2028,0.008,0.007,0.062
Low,AR,2029,0.008,0.007,0.062
Low,AR,2030,0.008,0.007,0.062
Low,AZ,2024,1.66,0.837,7.07
Low,AZ,2025,1.8,1.05,8.9
Low,AZ,2026,1.95,1.3,10.9
Low,AZ,2027,2.1,1.56,13.2
Low,AZ,2028,2.24,1.84,15.5
Low,AZ,2029,2.39,1.96,16.6
Low,AZ,2030,2.54,2.08,17.6
Low,CA,2024,1.28,1.03,8.76
Low,CA,2025,1.31,1.08,9.13
Low,CA,2026,1.35,1.13,9.56
Low,CA,2027,1.38,1.19,10.0
Low,CA,2028,1.42,1.22,10.3
Low,CA,2029,1.45,1.25,10.5
Low,CA,2030,1.49,1.27,10.8
Low,CO,2024,0.17,0.232,1.96
Low,CO,2025,0.27,0.236,1.99
Low,CO,2026,0.283,0.242,2.04
Low,CO,2027,0.295,0.25,2.11
Low,CO,2028,0.308,0.258,2.18
Low,CO,2029,0.32,0.268,2.26
Low,CO,2030,0.332,0.277,2.34
Low,CT,2024,0.028,0.032,0.269
Low,CT,2025,0.052,0.036,0.304
Low,CT,2026,0.074,0.044,0.372
Low,CT,2027,0.096,0.056,0.471
Low,CT,2028,0.118,0.071,0.602
Low,CT,2029,0.14,0.09,0.765
Low,CT,2030,0.162,0.109,0.924
Low,DE,2024,0.01,0.002,0.016
Low,DE,2025,0.01,0.004,0.033
Low,DE,2026,0.01,0.006,0.049
Low,DE,2027,0.01,0.008,0.066
Low,DE,2028,0.01,0.01,0.082
Low,DE,2029,0.01,0.01,0.082
Low,DE,2030,0.01,0.01,0.082
Low,FL,2024,0.184,0.154,1.3
Low,FL,2025,0.211,0.176,1.48
Low,FL,2026,0.237,0.202,1.7
Low,FL,2027,0.263,0.232,1.96
Low,FL,2028,0.29,0.255,2.15
Low,FL,2029,0.316,0.279,2.35
Low,FL,2030,0.342,0.301,2.54
Low,GA,2024,1.5,0.91,7.65
Low,GA,2025,1.76,1.09,9.13
Low,GA,2026,2.01,1.3,11.0
Low,GA,2027,2.26,1.57,13.2
Low,GA,2028,2.51,1.8,15.2
Low,GA,2029,2.76,2.02,17.0
Low,GA,2030,3.01,2.23,18.8
Low,HI,2024,0.007,0.002,0.02
Low,HI,2025,0.007,0.003,0.029
Low,HI,2026,0.007,0.005,0.039
Low,HI,2027,0.007,0.006,0.049
Low,HI,2028,0.007,0.007,0.059
Low,HI,2029,0.007,0.007,0.06
Low,HI,2030,0.007,0.007,0.06
Low,IA,2024,1.53,0.906,7.61
Low,IA,2025,1.53,1.07,9.01
Low,IA,2026,1.53,1.24,10.4
Low,IA,2027,1.53,1.41,11.8
Low,IA,2028,1.53,1.55,13.0
Low,IA,2029,1.53,1.55,13.0
Low,IA,2030,1.53,1.55,13.0
Low,ID,2024,0.069,0.028,0.234
Low,ID,2025,0.106,0.045,0.376
Low,ID,2026,0.143,0.068,0.574
Low,ID,2027,0.18,0.098,0.827
Low,ID,2028,0.216,0.134,1.13
Low,ID,2029,0.253,0.167,1.41
Low,ID,2030,0.29,0.198,1.67
Low,IL,2024,1.36,1.04,8.82
Low,IL,2025,1.43,1.12,9.5
Low,IL,2026,1.5,1.21,10.3
Low,IL,2027,1.58,1.32,11.2
Low,IL,2028,1.65,1.42,12.0
Low,IL,2029,1.72,1.48,12.5
Low,IL,2030,1.8,1.54,13.0
Low,IN,2024,0.236,0.086,0.725
Low,IN,2025,0.543,0.188,1.58
Low,IN,2026,0.85,0.345,2.9
Low,IN,2027,1.16,0.556,4.68
Low,IN,2028,1.47,0.797,6.7
Low,IN,2029,1.77,1.07,9.03
Low,IN,2030,2.08,1.34,11.3
Low,KS,2024,0.037,0.008,0.069
Low,KS,2025,0.037,0.015,0.128
Low,KS,2026,0.037,0.022,0.188
Low,KS,2027,0.037,0.029,0.247
Low,KS,2028,0.037,0.036,0.307
Low,KS,2029,0.037,0.036,0.307
Low,KS,2030,0.037,0.036,0.307
Low,KY,2024,0.353,0.17,1.43
Low,KY,2025,0.363,0.207,1.74
Low,KY,2026,0.372,0.245,2.06
Low,KY,2027,0.381,0.286,2.4
Low,KY,2028,0.39,0.322,2.7
Low,KY,2029,0.399,0.33,2.77
Low,KY,2030,0.408,0.338,2.84
Low,LA,2024,0.009,0.008,0.067
Low,LA,2025,0.143,0.034,0.288
Low,LA,2026,0.276,0.09,0.758
Low,LA,2027,0.409,0.173,1.46
Low,LA,2028,0.543,0.283,2.38
Low,LA,2029,0.676,0.417,3.51
Low,LA,2030,0.809,0.549,4.62
Low,MA,2024,0.159,0.158,1.34
Low,MA,2025,0.16,0.158,1.34
Low,MA,2026,0.16,0.158,1.34
Low,MA,2027,0.16,0.158,1.34
Low,MA,2028,0.16,0.158,1.34
Low,MA,2029,0.16,0.158,1.34
Low,MA,2030,0.16,0.158,1.34
Low,MD,2024,0.06,0.02,0.173
Low,MD,2025,0.141,0.045,0.385
Low,MD,2026,0.222,0.084,0.711
Low,MD,2027,0.303,0.136,1.15
Low,MD,2028,0.384,0.201,1.7
Low,MD,2029,0.466,0.27,2.29
Low,MD,2030,0.547,0.336,2.85
Low,ME,2024,0.002,0.003,0.024
Low,ME,2025,0.003,0.003,0.024
Low,ME,2026,0.003,0.003,0.024
Low,ME,2027,0.003,0.003,0.024
Low,ME,2028,0.003,0.003,0.024
Low,ME,2029,0.003,0.003,0.024
Low,ME,2030,0.003,0.003,0.024
Low,MI,2024,0.09,0.041,0.344
Low,MI,2025,0.095,0.055,0.464
Low,MI,2026,0.099,0.07,0.592
Low,MI,2027,0.104,0.086,0.725
Low,MI,2028,0.109,0.095,0.802
Low,MI,2029,0.113,0.099,0.836
Low,MI,2030,0.118,0.103,0.869
Low,MN,2024,0.087,0.068,0.575
Low,MN,2025,0.115,0.08,0.681
Low,MN,2026,0.144,0.098,0.833
Low,MN,2027,0.172,0.122,1.03
Low,MN,2028,0.2,0.148,1.25
Low,MN,2029,0.228,0.176,1.49
Low,MN,2030,0.256,0.202,1.7
Low,MO,2024,0.205,0.153,1.28
Low,MO,2025,0.231,0.173,1.46
Low,MO,2026,0.256,0.198,1.67
Low,MO,2027,0.282,0.228,1.92
Low,MO,2028,0.308,0.262,2.2
Low,MO,2029,0.333,0.285,2.39
Low,MO,2030,0.359,0.307,2.58
Low,MS,2024,0.031,0.006,0.05
Low,MS,2025,0.126,0.03,0.25
Low,MS,2026,0.221,0.071,0.6
Low,MS,2027,0.316,0.13,1.09
Low,MS,2028,0.411,0.206,1.73
Low,MS,2029,0.507,0.293,2.46
Low,MS,2030,0.602,0.378,3.17
Low,MT,2024,0.096,0.069,0.582
Low,MT,2025,0.096,0.074,0.624
Low,MT,2026,0.096,0.079,0.667
Low,MT,2027,0.096,0.084,0.71
Low,MT,2028,0.096,0.089,0.753
Low,MT,2029,0.096,0.089,0.753
Low,MT,2030,0.096,0.089,0.753
Low,NC,2024,0.605,0.414,3.5
Low,NC,2025,0.687,0.451,3.81
Low,NC,2026,0.769,0.502,4.24
Low,NC,2027,0.85,0.567,4.78
Low,NC,2028,0.932,0.641,5.41
Low,NC,2029,1.01,0.711,6.0
Low,NC,2030,1.1,0.776,6.56
Low,ND,2024,0.603,0.223,1.88
Low,ND,2025,0.624,0.308,2.59
Low,ND,2026,0.645,0.396,3.34
Low,ND,2027,0.666,0.488,4.11
Low,ND,2028,0.687,0.529,4.46
Low,ND,2029,0.708,0.546,4.6
Low,ND,2030,0.729,0.563,4.75
Low,NE,2024,0.963,0.556,4.69
Low,NE,2025,0.995,0.685,5.78
Low,NE,2026,1.03,0.821,6.92
Low,NE,2027,1.06,0.963,8.11
Low,NE,2028,1.09,1.02,8.59
Low,NE,2029,1.13,1.05,8.85
Low,NE,2030,1.16,1.08,9.1
Low,NH,2024,0.003,0.002,0.018
Low,NH,2025,0.003,0.002,0.02
Low,NH,2026,0.003,0.003,0.022
Low,NH,2027,0.003,0.003,0.023
Low,NH,2028,0.003,0.003,0.025
Low,NH,2029,0.003,0.003,0.025
Low,NH,2030,0.003,0.003,0.025
Low,NJ,2024,0.49,0.494,4.19
Low,NJ,2025,0.579,0.533,4.52
Low,NJ,2026,0.604,0.578,4.9
Low,NJ,2027,0.628,0.627,5.31
Low,NJ,2028,0.653,0.647,5.49
Low,NJ,2029,0.677,0.672,5.69
Low,NJ,2030,0.701,0.694,5.88
Low,NM,2024,0.353,0.108,0.911
Low,NM,2025,0.358,0.172,1.44
Low,NM,2026,0.364,0.236,1.98
Low,NM,2027,0.369,0.301,2.53
Low,NM,2028,0.374,0.367,3.09
Low,NM,2029,0.379,0.372,3.13
Low,NM,2030,0.385,0.376,3.16
Low,NV,2024,0.674,0.539,4.57
Low,NV,2025,0.773,0.572,4.84
Low,NV,2026,0.872,0.621,5.26
Low,NV,2027,0.971,0.688,5.82
Low,NV,2028,1.07,0.769,6.51
Low,NV,2029,1.17,0.854,7.23
Low,NV,2030,1.27,0.935,7.91
Low,NY,2024,0.964,0.484,4.07
Low,NY,2025,0.989,0.618,5.2
Low,NY,2026,1.01,0.757,6.37
Low,NY,2027,1.04,0.901,7.59
Low,NY,2028,1.06,0.993,8.36
Low,NY,2029,1.09,1.02,8.56
Low,NY,2030,1.11,1.04,8.75
Low,OH,2024,1.99,0.792,6.65
Low,OH,2025,2.2,1.11,9.34
Low,OH,2026,2.41,1.47,12.3
Low,OH,2027,2.62,1.86,15.7
Low,OH,2028,2.83,2.16,18.1
Low,OH,2029,3.04,2.34,19.6
Low,OH,2030,3.25,2.52,21.1
Low,OK,2024,0.67,0.219,1.85
Low,OK,2025,0.703,0.323,2.72
Low,OK,2026,0.736,0.432,3.64
Low,OK,2027,0.769,0.547,4.61
Low,OK,2028,0.802,0.664,5.59
Low,OK,2029,0.835,0.693,5.83
Low,OK,2030,0.868,0.721,6.07
Low,OR,2024,2.3,1.17,9.87
Low,OR,2025,2.36,1.48,12.5
Low,OR,2026,2.41,1.8,15.2
Low,OR,2027,2.47,2.13,17.9
Low,OR,2028,2.53,2.31,19.4
Low,OR,2029,2.58,2.35,19.8
Low,OR,2030,2.64,2.4,20.2
Low,PA,2024,0.54,0.309,2.6
Low,PA,2025,0.618,0.381,3.2
Low,PA,2026,0.696,0.469,3.94
Low,PA,2027,0.774,0.571,4.8
Low,PA,2028,0.852,0.635,5.33
Low,PA,2029,0.93,0.71,5.96
Low,PA,2030,1.01,0.783,6.57
Low,RI,2024,0.002,0.002,0.016
Low,RI,2025,0.002,0.002,0.016
Low,RI,2026,0.002,0.002,0.016
Low,RI,2027,0.002,0.002,0.016
Low,RI,2028,0.002,0.002,0.017
Low,RI,2029,0.002,0.002,0.017
Low,RI,2030,0.002,0.002,0.017
Low,SC,2024,0.528,0.208,1.75
Low,SC,2025,0.586,0.284,2.38
Low,SC,2026,0.643,0.37,3.11
Low,SC,2027,0.7,0.465,3.91
Low,SC,2028,0.757,0.555,4.67
Low,SC,2029,0.814,0.604,5.08
Low,SC,2030,0.871,0.652,5.49
Low,SD,2024,0.023,0.012,0.101
Low,SD,2025,0.023,0.015,0.125
Low,SD,2026,0.023,0.018,0.15
Low,SD,2027,0.023,0.02,0.174
Low,SD,2028,0.023,0.023,0.198
Low,SD,2029,0.023,0.023,0.198
Low,SD,2030,0.023,0.023,0.198
Low,TN,2024,0.644,0.215,1.81
Low,TN,2025,0.671,0.32,2.69
Low,TN,2026,0.698,0.43,3.61
Low,TN,2027,0.725,0.545,4.58
Low,TN,2028,0.752,0.631,5.3
Low,TN,2029,0.779,0.656,5.51
Low,TN,2030,0.805,0.681,5.72
Low,TX,2024,6.55,3.5,32.3
Low,TX,2025,6.83,4.35,38.7
Low,TX,2026,7.12,5.26,45.6
Low,TX,2027,7.41,6.22,52.9
Low,TX,2028,7.7,6.71,57.0
Low,TX,2029,7.98,6.97,59.2
Low,TX,2030,8.27,7.22,61.3
Low,US,2024,35.1,20.7,177.0
Low,US,2025,38.7,24.8,212.0
Low,US,2026,42.2,29.7,251.0
Low,US,2027,45.6,35.1,296.0
Low,US,2028,49.1,39.4,333.0
Low,US,2029,52.6,42.5,359.0
Low,US,2030,56.1,45.4,384.0
Low,UT,2024,0.376,0.366,3.08
Low,UT,2025,0.403,0.369,3.11
Low,UT,2026,0.423,0.376,3.16
Low,UT,2027,0.444,0.385,3.24
Low,UT,2028,0.465,0.398,3.35
Low,UT,2029,0.486,0.414,3.49
Low,UT,2030,0.506,0.43,3.62
Low,VA,2024,5.92,3.94,33.3
Low,VA,2025,6.96,4.62,39.0
Low,VA,2026,8.01,5.49,46.3
Low,VA,2027,9.05,6.54,55.2
Low,VA,2028,10.1,7.49,63.3
Low,VA,2029,11.1,8.41,71.0
Low,VA,2030,12.2,9.3,78.5
Low,VT,2024,0.001,0.0,0.002
Low,VT,2025,0.001,0.001,0.005
Low,VT,2026,0.001,0.001,0.007
Low,VT,2027,0.001,0.001,0.009
Low,VT,2028,0.001,0.001,0.011
Low,VT,2029,0.001,0.001,0.011
Low,VT,2030,0.001,0.001,0.011
Low,WA,2024,1.04,0.731,6.16
Low,WA,2025,1.05,0.803,6.76
Low,WA,2026,1.07,0.876,7.38
Low,WA,2027,1.08,0.952,8.02
Low,WA,2028,1.09,0.962,8.11
Low,WA,2029,1.11,0.972,8.19
Low,WA,2030,1.12,0.982,8.28
Low,WI,2024,0.051,0.021,0.174
Low,WI,2025,0.068,0.032,0.266
Low,WI,2026,0.085,0.046,0.385
Low,WI,2027,0.102,0.063,0.528
Low,WI,2028,0.12,0.081,0.685
Low,WI,2029,0.137,0.096,0.812
Low,WI,2030,0.154,0.111,0.933
Low,WV,2024,0.0,0.0,0.0
Low,WV,2025,0.0,0.0,0.0
Low,WV,2026,0.0,0.0,0.0
Low,WV,2027,0.0,0.0,0.0
Low,WV,2028,0.0,0.0,0.0
Low,WV,2029,0.0,0.0,0.0
Low,WV,2030,0.0,0.0,0.0
Low,WY,2024,0.305,0.184,1.56
Low,WY,2025,0.331,0.205,1.74
Low,WY,2026,0.358,0.23,1.95
Low,WY,2027,0.384,0.26,2.2
Low,WY,2028,0.41,0.293,2.48
Low,WY,2029,0.436,0.315,2.66
Low,WY,2030,0.463,0.335,2.83
Medium,AK,2024,0.0,0.0,0.0
Medium,AK,2025,0.0,0.0,0.0
Medium,AK,2026,0.0,0.0,0.001
Medium,AK,2027,0.0,0.0,0.001
Medium,AK,2028,0.0,0.0,0.001
Medium,AK,2029,0.0,0.0,0.001
Medium,AK,2030,0.0,0.0,0.001
Medium,AL,2024,0.353,0.2,1.69
Medium,AL,2025,0.424,0.253,2.13
Medium,AL,2026,0.495,0.319,2.69
Medium,AL,2027,0.566,0.399,3.36
Medium,AL,2028,0.638,0.491,4.14
Medium,AL,2029,0.709,0.559,4.71
Medium,AL,2030,0.78,0.625,5.26
Medium,AR,2024,0.011,0.002,0.018
Medium,AR,2025,0.011,0.004,0.035
Medium,AR,2026,0.011,0.006,0.053
Medium,AR,2027,0.011,0.008,0.071
Medium,AR,2028,0.011,0.01,0.088
Medium,AR,2029,0.011,0.01,0.088
Medium,AR,2030,0.011,0.01,0.088
Medium,AZ,2024,1.86,0.877,7.4
Medium,AZ,2025,2.2,1.17,9.86
Medium,AZ,2026,2.53,1.52,12.8
Medium,AZ,2027,2.86,1.92,16.2
Medium,AZ,2028,3.19,2.36,19.9
Medium,AZ,2029,3.52,2.65,22.3
Medium,AZ,2030,3.85,2.92,24.6
Medium,CA,2024,1.5,1.07,9.06
Medium,CA,2025,1.63,1.16,9.86
Medium,CA,2026,1.76,1.28,10.9
Medium,CA,2027,1.9,1.42,12.1
Medium,CA,2028,2.03,1.55,13.2
Medium,CA,2029,2.16,1.66,14.1
Medium,CA,2030,2.3,1.77,15.0
Medium,CO,2024,0.241,0.232,1.96
Medium,CO,2025,0.282,0.239,2.01
Medium,CO,2026,0.307,0.249,2.1
Medium,CO,2027,0.331,0.262,2.21
Medium,CO,2028,0.355,0.278,2.34
Medium,CO,2029,0.379,0.297,2.51
Medium,CO,2030,0.404,0.315,2.66
Medium,CT,2024,0.029,0.032,0.269
Medium,CT,2025,0.065,0.039,0.326
Medium,CT,2026,0.101,0.051,0.436
Medium,CT,2027,0.136,0.07,0.596
Medium,CT,2028,0.172,0.095,0.808
Medium,CT,2029,0.207,0.126,1.07
Medium,CT,2030,0.243,0.157,1.33
Medium,DE,2024,0.014,0.003,0.022
Medium,DE,2025,0.014,0.005,0.044
Medium,DE,2026,0.014,0.008,0.066
Medium,DE,2027,0.014,0.01,0.088
Medium,DE,2028,0.014,0.013,0.11
Medium,DE,2029,0.014,0.013,0.11
Medium,DE,2030,0.014,0.013,0.11
Medium,FL,2024,0.188,0.155,1.3
Medium,FL,2025,0.244,0.183,1.54
Medium,FL,2026,0.3,0.22,1.86
Medium,FL,2027,0.356,0.267,2.25
Medium,FL,2028,0.412,0.312,2.63
Medium,FL,2029,0.468,0.361,3.05
Medium,FL,2030,0.524,0.409,3.45
Medium,GA,2024,1.77,0.958,8.05
Medium,GA,2025,2.37,1.24,10.4
Medium,GA,2026,2.97,1.63,13.7
Medium,GA,2027,3.57,2.12,17.9
Medium,GA,2028,4.16,2.64,22.3
Medium,GA,2029,4.76,3.15,26.6
Medium,GA,2030,5.36,3.66,30.8
Medium,HI,2024,0.008,0.002,0.021
Medium,HI,2025,0.008,0.004,0.032
Medium,HI,2026,0.008,0.005,0.044
Medium,HI,2027,0.008,0.007,0.056
Medium,HI,2028,0.009,0.008,0.068
Medium,HI,2029,0.009,0.008,0.07
Medium,HI,2030,0.009,0.008,0.071
Medium,IA,2024,1.7,0.94,7.89
Medium,IA,2025,1.78,1.16,9.72
Medium,IA,2026,1.86,1.39,11.7
Medium,IA,2027,1.95,1.64,13.7
Medium,IA,2028,2.03,1.87,15.7
Medium,IA,2029,2.12,1.95,16.4
Medium,IA,2030,2.2,2.02,17.0
Medium,ID,2024,0.089,0.031,0.265
Medium,ID,2025,0.166,0.06,0.504
Medium,ID,2026,0.244,0.102,0.861
Medium,ID,2027,0.321,0.158,1.33
Medium,ID,2028,0.399,0.227,1.92
Medium,ID,2029,0.476,0.296,2.5
Medium,ID,2030,0.554,0.362,3.06
Medium,IL,2024,1.6,1.08,9.19
Medium,IL,2025,1.89,1.25,10.5
Medium,IL,2026,2.18,1.45,12.3
Medium,IL,2027,2.46,1.71,14.5
Medium,IL,2028,2.75,2.0,16.9
Medium,IL,2029,3.04,2.24,18.9
Medium,IL,2030,3.33,2.47,20.9
Medium,IN,2024,0.292,0.097,0.82
Medium,IN,2025,1.12,0.315,2.65
Medium,IN,2026,1.94,0.682,5.73
Medium,IN,2027,2.76,1.19,10.0
Medium,IN,2028,3.59,1.82,15.3
Medium,IN,2029,4.41,2.57,21.6
Medium,IN,2030,5.24,3.28,27.6
Medium,KS,2024,0.044,0.009,0.08
Medium,KS,2025,0.044,0.018,0.15
Medium,KS,2026,0.045,0.026,0.222
Medium,KS,2027,0.045,0.035,0.293
Medium,KS,2028,0.045,0.043,0.364
Medium,KS,2029,0.045,0.043,0.366
Medium,KS,2030,0.045,0.043,0.367
Medium,KY,2024,0.375,0.174,1.46
Medium,KY,2025,0.406,0.219,1.84
Medium,KY,2026,0.437,0.269,2.26
Medium,KY,2027,0.467,0.326,2.74
Medium,KY,2028,0.498,0.382,3.21
Medium,KY,2029,0.529,0.411,3.45
Medium,KY,2030,0.56,0.439,3.69
Medium,LA,2024,0.009,0.008,0.067
Medium,LA,2025,0.196,0.044,0.375
Medium,LA,2026,0.383,0.122,1.03
Medium,LA,2027,0.57,0.239,2.02
Medium,LA,2028,0.757,0.393,3.31
Medium,LA,2029,0.943,0.581,4.89
Medium,LA,2030,1.13,0.765,6.44
Medium,MA,2024,0.171,0.16,1.36
Medium,MA,2025,0.171,0.162,1.38
Medium,MA,2026,0.171,0.165,1.4
Medium,MA,2027,0.171,0.167,1.41
Medium,MA,2028,0.171,0.169,1.43
Medium,MA,2029,0.171,0.169,1.43
Medium,MA,2030,0.171,0.169,1.43
Medium,MD,2024,0.063,0.021,0.179
Medium,MD,2025,0.315,0.08,0.676
Medium,MD,2026,0.568,0.181,1.53
Medium,MD,2027,0.82,0.323,2.73
Medium,MD,2028,1.07,0.506,4.29
Medium,MD,2029,1.32,0.72,6.1
Medium,MD,2030,1.58,0.926,7.83
Medium,ME,2024,0.002,0.003,0.024
Medium,ME,2025,0.004,0.003,0.026
Medium,ME,2026,0.005,0.003,0.029
Medium,ME,2027,0.006,0.004,0.034
Medium,ME,2028,0.007,0.005,0.04
Medium,ME,2029,0.008,0.006,0.047
Medium,ME,2030,0.009,0.006,0.054
Medium,MI,2024,0.097,0.042,0.354
Medium,MI,2025,0.11,0.059,0.499
Medium,MI,2026,0.124,0.078,0.665
Medium,MI,2027,0.138,0.1,0.85
Medium,MI,2028,0.151,0.117,0.991
Medium,MI,2029,0.165,0.129,1.09
Medium,MI,2030,0.179,0.141,1.19
Medium,MN,2024,0.106,0.072,0.612
Medium,MN,2025,0.188,0.102,0.861
Medium,MN,2026,0.271,0.147,1.24
Medium,MN,2027,0.353,0.208,1.76
Medium,MN,2028,0.435,0.282,2.38
Medium,MN,2029,0.517,0.362,3.06
Medium,MN,2030,0.6,0.438,3.69
Medium,MO,2024,0.224,0.156,1.31
Medium,MO,2025,0.279,0.185,1.56
Medium,MO,2026,0.335,0.225,1.89
Medium,MO,2027,0.39,0.273,2.3
Medium,MO,2028,0.446,0.332,2.79
Medium,MO,2029,0.501,0.38,3.2
Medium,MO,2030,0.556,0.428,3.6
Medium,MS,2024,0.046,0.009,0.075
Medium,MS,2025,0.258,0.057,0.484
Medium,MS,2026,0.469,0.146,1.22
Medium,MS,2027,0.681,0.272,2.29
Medium,MS,2028,0.892,0.437,3.67
Medium,MS,2029,1.1,0.629,5.29
Medium,MS,2030,1.32,0.818,6.88
Medium,MT,2024,0.106,0.07,0.596
Medium,MT,2025,0.106,0.077,0.653
Medium,MT,2026,0.106,0.084,0.71
Medium,MT,2027,0.106,0.091,0.767
Medium,MT,2028,0.106,0.098,0.824
Medium,MT,2029,0.106,0.098,0.824
Medium,MT,2030,0.106,0.098,0.824
Medium,NC,2024,0.746,0.439,3.7
Medium,NC,2025,0.931,0.521,4.4
Medium,NC,2026,1.12,0.634,5.35
Medium,NC,2027,1.3,0.778,6.56
Medium,NC,2028,1.49,0.948,8.0
Medium,NC,2029,1.67,1.11,9.34
Medium,NC,2030,1.86,1.25,10.6
Medium,ND,2024,0.64,0.229,1.93
Medium,ND,2025,0.663,0.321,2.7
Medium,ND,2026,0.687,0.417,3.51
Medium,ND,2027,0.71,0.516,4.35
Medium,ND,2028,0.733,0.565,4.75
Medium,ND,2029,0.757,0.584,4.92
Medium,ND,2030,0.78,0.603,5.08
Medium,NE,2024,1.02,0.567,4.79
Medium,NE,2025,1.08,0.714,6.02
Medium,NE,2026,1.14,0.873,7.35
Medium,NE,2027,1.2,1.04,8.78
Medium,NE,2028,1.26,1.13,9.53
Medium,NE,2029,1.32,1.19,10.0
Medium,NE,2030,1.38,1.24,10.5
Medium,NH,2024,0.004,0.002,0.019
Medium,NH,2025,0.004,0.003,0.022
Medium,NH,2026,0.004,0.003,0.024
Medium,NH,2027,0.004,0.003,0.027
Medium,NH,2028,0.004,0.003,0.029
Medium,NH,2029,0.004,0.003,0.029
Medium,NH,2030,0.004,0.003,0.029
Medium,NJ,2024,0.547,0.494,4.19
Medium,NJ,2025,0.622,0.543,4.6
Medium,NJ,2026,0.69,0.607,5.14
Medium,NJ,2027,0.757,0.684,5.8
Medium,NJ,2028,0.825,0.74,6.27
Medium,NJ,2029,0.892,0.808,6.84
Medium,NJ,2030,0.96,0.87,7.37
Medium,NM,2024,0.393,0.117,0.98
Medium,NM,2025,0.44,0.196,1.65
Medium,NM,2026,0.488,0.284,2.39
Medium,NM,2027,0.535,0.38,3.19
Medium,NM,2028,0.582,0.483,4.06
Medium,NM,2029,0.629,0.523,4.4
Medium,NM,2030,0.676,0.562,4.73
Medium,NV,2024,0.866,0.578,4.89
Medium,NV,2025,1.14,0.683,5.78
Medium,NV,2026,1.42,0.837,7.08
Medium,NV,2027,1.7,1.04,8.77
Medium,NV,2028,1.97,1.28,10.8
Medium,NV,2029,2.25,1.52,12.8
Medium,NV,2030,2.53,1.75,14.8
Medium,NY,2024,1.08,0.511,4.3
Medium,NY,2025,1.15,0.68,5.72
Medium,NY,2026,1.22,0.862,7.26
Medium,NY,2027,1.29,1.06,8.9
Medium,NY,2028,1.35,1.21,10.2
Medium,NY,2029,1.42,1.27,10.7
Medium,NY,2030,1.49,1.33,11.2
Medium,OH,2024,2.1,0.812,6.82
Medium,OH,2025,2.6,1.2,10.1
Medium,OH,2026,3.1,1.68,14.1
Medium,OH,2027,3.6,2.25,18.9
Medium,OH,2028,4.09,2.76,23.2
Medium,OH,2029,4.59,3.19,26.8
Medium,OH,2030,5.09,3.61,30.4
Medium,OK,2024,0.745,0.233,1.96
Medium,OK,2025,0.791,0.352,2.96
Medium,OK,2026,0.836,0.479,4.03
Medium,OK,2027,0.882,0.614,5.17
Medium,OK,2028,0.927,0.752,6.33
Medium,OK,2029,0.973,0.792,6.67
Medium,OK,2030,1.02,0.831,7.0
Medium,OR,2024,2.98,1.31,11.0
Medium,OR,2025,3.09,1.76,14.8
Medium,OR,2026,3.2,2.23,18.8
Medium,OR,2027,3.31,2.73,22.9
Medium,OR,2028,3.42,3.07,25.9
Medium,OR,2029,3.53,3.16,26.6
Medium,OR,2030,3.63,3.25,27.4
Medium,PA,2024,0.631,0.325,2.73
Medium,PA,2025,0.993,0.468,3.93
Medium,PA,2026,1.35,0.683,5.74
Medium,PA,2027,1.72,0.97,8.15
Medium,PA,2028,2.08,1.27,10.7
Medium,PA,2029,2.44,1.62,13.6
Medium,PA,2030,2.8,1.96,16.4
Medium,RI,2024,0.003,0.002,0.017
Medium,RI,2025,0.003,0.002,0.018
Medium,RI,2026,0.003,0.002,0.019
Medium,RI,2027,0.003,0.002,0.02
Medium,RI,2028,0.003,0.002,0.021
Medium,RI,2029,0.003,0.002,0.021
Medium,RI,2030,0.003,0.002,0.021
Medium,SC,2024,0.551,0.212,1.78
Medium,SC,2025,0.727,0.311,2.62
Medium,SC,2026,0.904,0.442,3.72
Medium,SC,2027,1.08,0.602,5.07
Medium,SC,2028,1.26,0.778,6.55
Medium,SC,2029,1.43,0.928,7.81
Medium,SC,2030,1.61,1.08,9.07
Medium,SD,2024,0.03,0.013,0.114
Medium,SD,2025,0.03,0.018,0.151
Medium,SD,2026,0.03,0.022,0.187
Medium,SD,2027,0.03,0.026,0.224
Medium,SD,2028,0.03,0.031,0.26
Medium,SD,2029,0.031,0.031,0.261
Medium,SD,2030,0.031,0.031,0.261
Medium,TN,2024,0.755,0.235,1.97
Medium,TN,2025,0.835,0.368,3.09
Medium,TN,2026,0.914,0.517,4.34
Medium,TN,2027,0.994,0.681,5.72
Medium,TN,2028,1.07,0.826,6.94
Medium,TN,2029,1.15,0.9,7.56
Medium,TN,2030,1.23,0.974,8.18
Medium,TX,2024,7.32,3.65,33.5
Medium,TX,2025,8.44,4.82,42.6
Medium,TX,2026,9.56,6.2,53.5
Medium,TX,2027,10.7,7.78,66.0
Medium,TX,2028,11.8,9.04,76.6
Medium,TX,2029,12.9,10.1,85.2
Medium,TX,2030,14.1,11.0,93.5
Medium,US,2024,39.8,21.5,184.0
Medium,US,2025,49.1,27.7,235.0
Medium,US,2026,58.5,35.5,301.0
Medium,US,2027,67.8,45.0,380.0
Medium,US,2028,77.2,54.4,459.0
Medium,US,2029,86.5,62.6,529.0
Medium,US,2030,95.9,70.7,596.0
Medium,UT,2024,0.497,0.389,3.27
Medium,UT,2025,0.559,0.42,3.54
Medium,UT,2026,0.62,0.461,3.89
Medium,UT,2027,0.682,0.512,4.32
Medium,UT,2028,0.744,0.572,4.83
Medium,UT,2029,0.805,0.62,5.23
Medium,UT,2030,0.867,0.667,5.63
Medium,VA,2024,6.37,4.02,33.9
Medium,VA,2025,9.03,5.07,42.8
Medium,VA,2026,11.7,6.61,55.8
Medium,VA,2027,14.3,8.61,72.7
Medium,VA,2028,17.0,10.8,91.2
Medium,VA,2029,19.7,13.1,111.0
Medium,VA,2030,22.3,15.4,130.0
Medium,VT,2024,0.002,0.0,0.003
Medium,VT,2025,0.002,0.001,0.005
Medium,VT,2026,0.002,0.001,0.008
Medium,VT,2027,0.002,0.001,0.01
Medium,VT,2028,0.002,0.002,0.013
Medium,VT,2029,0.002,0.002,0.013
Medium,VT,2030,0.002,0.002,0.013
Medium,WA,2024,1.16,0.753,6.34
Medium,WA,2025,1.19,0.848,7.14
Medium,WA,2026,1.21,0.947,7.97
Medium,WA,2027,1.23,1.05,8.84
Medium,WA,2028,1.25,1.09,9.16
Medium,WA,2029,1.27,1.1,9.3
Medium,WA,2030,1.3,1.12,9.45
Medium,WI,2024,0.083,0.027,0.228
Medium,WI,2025,0.137,0.052,0.437
Medium,WI,2026,0.192,0.086,0.725
Medium,WI,2027,0.246,0.13,1.09
Medium,WI,2028,0.3,0.181,1.53
Medium,WI,2029,0.354,0.228,1.93
Medium,WI,2030,0.409,0.274,2.31
Medium,WV,2024,0.0,0.0,0.0
Medium,WV,2025,0.0,0.0,0.0
Medium,WV,2026,0.0,0.0,0.0
Medium,WV,2027,0.0,0.0,0.0
Medium,WV,2028,0.0,0.0,0.0
Medium,WV,2029,0.0,0.0,0.0
Medium,WV,2030,0.0,0.0,0.0
Medium,WY,2024,0.341,0.19,1.61
Medium,WY,2025,0.413,0.226,1.92
Medium,WY,2026,0.485,0.274,2.31
Medium,WY,2027,0.557,0.332,2.81
Medium,WY,2028,0.629,0.402,3.4
Medium,WY,2029,0.701,0.461,3.9
Medium,WY,2030,0.773,0.517,4.37
High,AK,2024,0.0,0.0,0.0
High,AK,2025,0.0,0.0,0.0
High,AK,2026,0.0,0.0,0.001
High,AK,2027,0.0,0.0,0.001
High,AK,2028,0.0,0.0,0.001
High,AK,2029,0.0,0.0,0.001
High,AK,2030,0.0,0.0,0.001
High,AL,2024,0.39,0.208,1.76
High,AL,2025,0.489,0.273,2.31
High,AL,2026,0.587,0.358,3.02
High,AL,2027,0.685,0.462,3.89
High,AL,2028,0.784,0.583,4.91
High,AL,2029,0.882,0.677,5.69
High,AL,2030,0.981,0.768,6.46
High,AR,2024,0.014,0.003,0.023
High,AR,2025,0.014,0.005,0.046
High,AR,2026,0.014,0.008,0.069
High,AR,2027,0.014,0.011,0.091
High,AR,2028,0.014,0.013,0.114
High,AR,2029,0.014,0.013,0.114
High,AR,2030,0.014,0.013,0.114
High,AZ,2024,2.07,0.916,7.73
High,AZ,2025,2.61,1.28,10.8
High,AZ,2026,3.14,1.75,14.7
High,AZ,2027,3.68,2.3,19.4
High,AZ,2028,4.22,2.92,24.7
High,AZ,2029,4.75,3.38,28.5
High,AZ,2030,5.29,3.82,32.3
High,CA,2024,1.71,1.1,9.36
High,CA,2025,1.96,1.25,10.6
High,CA,2026,2.22,1.44,12.2
High,CA,2027,2.47,1.68,14.2
High,CA,2028,2.72,1.93,16.3
High,CA,2029,2.97,2.13,18.1
High,CA,2030,3.23,2.34,19.8
High,CO,2024,0.313,0.243,2.05
High,CO,2025,0.345,0.261,2.2
High,CO,2026,0.376,0.284,2.4
High,CO,2027,0.408,0.312,2.64
High,CO,2028,0.439,0.343,2.9
High,CO,2029,0.471,0.368,3.11
High,CO,2030,0.503,0.391,3.31
High,CT,2024,0.03,0.032,0.269
High,CT,2025,0.084,0.042,0.357
High,CT,2026,0.138,0.062,0.524
High,CT,2027,0.193,0.091,0.769
High,CT,2028,0.247,0.129,1.09
High,CT,2029,0.301,0.176,1.5
High,CT,2030,0.355,0.223,1.89
High,DE,2024,0.017,0.003,0.028
High,DE,2025,0.017,0.007,0.055
High,DE,2026,0.017,0.01,0.083
High,DE,2027,0.017,0.013,0.111
High,DE,2028,0.017,0.016,0.139
High,DE,2029,0.017,0.016,0.139
High,DE,2030,0.017,0.016,0.139
High,FL,2024,0.192,0.156,1.31
High,FL,2025,0.268,0.188,1.58
High,FL,2026,0.343,0.233,1.97
High,FL,2027,0.418,0.291,2.46
High,FL,2028,0.493,0.35,2.96
High,FL,2029,0.568,0.416,3.51
High,FL,2030,0.643,0.48,4.06
High,GA,2024,2.04,1.01,8.46
High,GA,2025,2.95,1.39,11.7
High,GA,2026,3.85,1.94,16.3
High,GA,2027,4.75,2.64,22.2
High,GA,2028,5.66,3.42,28.8
High,GA,2029,6.56,4.19,35.4
High,GA,2030,7.47,4.95,41.8
High,HI,2024,0.009,0.003,0.022
High,HI,2025,0.009,0.004,0.035
High,HI,2026,0.009,0.006,0.049
High,HI,2027,0.009,0.007,0.063
High,HI,2028,0.01,0.009,0.077
High,HI,2029,0.01,0.009,0.079
High,HI,2030,0.01,0.009,0.08
High,IA,2024,1.87,0.974,8.18
High,IA,2025,2.12,1.26,10.6
High,IA,2026,2.37,1.59,13.3
High,IA,2027,2.62,1.96,16.5
High,IA,2028,2.87,2.35,19.8
High,IA,2029,3.12,2.58,21.7
High,IA,2030,3.37,2.79,23.5
High,ID,2024,0.109,0.035,0.296
High,ID,2025,0.205,0.071,0.598
High,ID,2026,0.302,0.124,1.05
High,ID,2027,0.399,0.194,1.64
High,ID,2028,0.496,0.281,2.37
High,ID,2029,0.593,0.367,3.1
High,ID,2030,0.689,0.45,3.8
High,IL,2024,1.84,1.13,9.55
High,IL,2025,2.42,1.38,11.7
High,IL,2026,2.98,1.73,14.6
High,IL,2027,3.55,2.17,18.3
High,IL,2028,4.12,2.69,22.7
High,IL,2029,4.69,3.16,26.7
High,IL,2030,5.26,3.63,30.7
High,IN,2024,0.348,0.109,0.915
High,IN,2025,1.53,0.41,3.45
High,IN,2026,2.71,0.925,7.77
High,IN,2027,3.88,1.65,13.8
High,IN,2028,5.07,2.55,21.4
High,IN,2029,6.24,3.61,30.4
High,IN,2030,7.42,4.63,39.0
High,KS,2024,0.051,0.011,0.091
High,KS,2025,0.051,0.02,0.173
High,KS,2026,0.052,0.03,0.256
High,KS,2027,0.052,0.04,0.34
High,KS,2028,0.053,0.05,0.424
High,KS,2029,0.053,0.051,0.428
High,KS,2030,0.054,0.051,0.431
High,KY,2024,0.397,0.178,1.49
High,KY,2025,0.444,0.229,1.93
High,KY,2026,0.491,0.29,2.44
High,KY,2027,0.537,0.359,3.02
High,KY,2028,0.584,0.432,3.63
High,KY,2029,0.631,0.475,4.0
High,KY,2030,0.678,0.518,4.36
High,LA,2024,0.009,0.008,0.067
High,LA,2025,0.273,0.059,0.501
High,LA,2026,0.537,0.169,1.43
High,LA,2027,0.8,0.334,2.82
High,LA,2028,1.06,0.551,4.64
High,LA,2029,1.33,0.816,6.87
High,LA,2030,1.59,1.08,9.05
High,MA,2024,0.184,0.163,1.38
High,MA,2025,0.184,0.167,1.42
High,MA,2026,0.184,0.172,1.46
High,MA,2027,0.184,0.177,1.5
High,MA,2028,0.184,0.181,1.54
High,MA,2029,0.184,0.181,1.54
High,MA,2030,0.184,0.181,1.54
High,MD,2024,0.067,0.022,0.185
High,MD,2025,0.448,0.106,0.898
High,MD,2026,0.828,0.254,2.15
High,MD,2027,1.21,0.464,3.93
High,MD,2028,1.59,0.736,6.23
High,MD,2029,1.97,1.06,8.96
High,MD,2030,2.35,1.37,11.6
High,ME,2024,0.003,0.003,0.024
High,ME,2025,0.006,0.003,0.029
High,ME,2026,0.009,0.005,0.039
High,ME,2027,0.012,0.006,0.052
High,ME,2028,0.015,0.008,0.07
High,ME,2029,0.018,0.011,0.092
High,ME,2030,0.021,0.013,0.114
High,MI,2024,0.103,0.043,0.364
High,MI,2025,0.121,0.062,0.528
High,MI,2026,0.14,0.085,0.718
High,MI,2027,0.158,0.11,0.935
High,MI,2028,0.177,0.132,1.11
High,MI,2029,0.195,0.148,1.25
High,MI,2030,0.214,0.164,1.39
High,MN,2024,0.125,0.077,0.649
High,MN,2025,0.276,0.126,1.07
High,MN,2026,0.428,0.206,1.74
High,MN,2027,0.579,0.313,2.65
High,MN,2028,0.73,0.447,3.78
High,MN,2029,0.882,0.595,5.02
High,MN,2030,1.03,0.733,6.18
High,MO,2024,0.243,0.159,1.34
High,MO,2025,0.329,0.198,1.66
High,MO,2026,0.414,0.251,2.11
High,MO,2027,0.5,0.319,2.69
High,MO,2028,0.585,0.402,3.38
High,MO,2029,0.671,0.477,4.02
High,MO,2030,0.756,0.551,4.64
High,MS,2024,0.061,0.012,0.1
High,MS,2025,0.346,0.077,0.65
High,MS,2026,0.631,0.196,1.65
High,MS,2027,0.916,0.366,3.08
High,MS,2028,1.2,0.587,4.94
High,MS,2029,1.49,0.846,7.12
High,MS,2030,1.77,1.1,9.25
High,MT,2024,0.115,0.072,0.61
High,MT,2025,0.115,0.081,0.681
High,MT,2026,0.115,0.089,0.753
High,MT,2027,0.115,0.098,0.824
High,MT,2028,0.115,0.106,0.896
High,MT,2029,0.115,0.106,0.896
High,MT,2030,0.115,0.106,0.896
High,NC,2024,0.887,0.463,3.91
High,NC,2025,1.16,0.588,4.96
High,NC,2026,1.44,0.758,6.39
High,NC,2027,1.71,0.974,8.21
High,NC,2028,1.98,1.23,10.4
High,NC,2029,2.26,1.47,12.4
High,NC,2030,2.53,1.69,14.2
High,ND,2024,0.677,0.236,1.98
High,ND,2025,0.7,0.334,2.81
High,ND,2026,0.724,0.436,3.67
High,ND,2027,0.747,0.542,4.56
High,ND,2028,0.77,0.597,5.02
High,ND,2029,0.794,0.616,5.18
High,ND,2030,0.817,0.635,5.34
High,NE,2024,1.08,0.579,4.89
High,NE,2025,1.16,0.741,6.25
High,NE,2026,1.23,0.919,7.74
High,NE,2027,1.31,1.11,9.35
High,NE,2028,1.39,1.23,10.3
High,NE,2029,1.47,1.3,10.9
High,NE,2030,1.54,1.37,11.5
High,NH,2024,0.004,0.002,0.02
High,NH,2025,0.004,0.003,0.023
High,NH,2026,0.004,0.003,0.027
High,NH,2027,0.004,0.004,0.03
High,NH,2028,0.004,0.004,0.033
High,NH,2029,0.004,0.004,0.033
High,NH,2030,0.004,0.004,0.033
High,NJ,2024,0.605,0.502,4.26
High,NJ,2025,0.703,0.567,4.8
High,NJ,2026,0.8,0.652,5.53
High,NJ,2027,0.898,0.757,6.42
High,NJ,2028,0.995,0.847,7.18
High,NJ,2029,1.09,0.945,8.01
High,NJ,2030,1.19,1.03,8.77
High,NM,2024,0.434,0.125,1.05
High,NM,2025,0.549,0.226,1.9
High,NM,2026,0.664,0.346,2.91
High,NM,2027,0.778,0.486,4.09
High,NM,2028,0.893,0.644,5.43
High,NM,2029,1.01,0.742,6.26
High,NM,2030,1.12,0.836,7.05
High,NV,2024,1.06,0.616,5.22
High,NV,2025,1.53,0.8,6.76
High,NV,2026,2.01,1.06,9.0
High,NV,2027,2.49,1.41,11.9
High,NV,2028,2.97,1.83,15.5
High,NV,2029,3.44,2.24,18.9
High,NV,2030,3.92,2.63,22.3
High,NY,2024,1.21,0.537,4.52
High,NY,2025,1.3,0.738,6.22
High,NY,2026,1.4,0.959,8.08
High,NY,2027,1.49,1.2,10.1
High,NY,2028,1.59,1.4,11.8
High,NY,2029,1.69,1.49,12.5
High,NY,2030,1.78,1.58,13.3
High,OH,2024,2.22,0.833,7.0
High,OH,2025,2.98,1.29,10.8
High,OH,2026,3.74,1.88,15.8
High,OH,2027,4.5,2.6,21.9
High,OH,2028,5.25,3.32,27.9
High,OH,2029,6.01,3.97,33.4
High,OH,2030,6.77,4.62,38.8
High,OK,2024,0.82,0.246,2.07
High,OK,2025,0.875,0.38,3.2
High,OK,2026,0.93,0.524,4.41
High,OK,2027,0.986,0.677,5.7
High,OK,2028,1.04,0.836,7.03
High,OK,2029,1.1,0.884,7.44
High,OK,2030,1.15,0.931,7.84
High,OR,2024,3.66,1.44,12.1
High,OR,2025,3.81,2.04,17.2
High,OR,2026,3.95,2.66,22.4
High,OR,2027,4.09,3.3,27.8
High,OR,2028,4.24,3.81,32.0
High,OR,2029,4.38,3.93,33.1
High,OR,2030,4.52,4.04,34.0
High,PA,2024,0.722,0.341,2.86
High,PA,2025,1.43,0.567,4.76
High,PA,2026,2.14,0.936,7.86
High,PA,2027,2.85,1.44,12.1
High,PA,2028,3.56,2.03,17.1
High,PA,2029,4.27,2.71,22.8
High,PA,2030,4.98,3.38,28.4
High,RI,2024,0.003,0.002,0.018
High,RI,2025,0.003,0.002,0.02
High,RI,2026,0.003,0.003,0.021
High,RI,2027,0.003,0.003,0.023
High,RI,2028,0.003,0.003,0.024
High,RI,2029,0.003,0.003,0.024
High,RI,2030,0.003,0.003,0.024
High,SC,2024,0.573,0.216,1.81
High,SC,2025,0.827,0.332,2.79
High,SC,2026,1.08,0.492,4.14
High,SC,2027,1.33,0.697,5.87
High,SC,2028,1.59,0.929,7.82
High,SC,2029,1.84,1.14,9.64
High,SC,2030,2.1,1.36,11.5
High,SD,2024,0.038,0.015,0.126
High,SD,2025,0.038,0.021,0.176
High,SD,2026,0.038,0.027,0.225
High,SD,2027,0.038,0.032,0.274
High,SD,2028,0.038,0.038,0.323
High,SD,2029,0.038,0.038,0.323
High,SD,2030,0.038,0.038,0.323
High,TN,2024,0.866,0.254,2.13
High,TN,2025,0.976,0.412,3.46
High,TN,2026,1.09,0.592,4.97
High,TN,2027,1.2,0.793,6.66
High,TN,2028,1.31,0.979,8.23
High,TN,2029,1.42,1.08,9.09
High,TN,2030,1.53,1.18,9.94
High,TX,2024,8.08,3.8,34.8
High,TX,2025,10.2,5.32,46.8
High,TX,2026,12.3,7.23,62.2
High,TX,2027,14.5,9.54,80.9
High,TX,2028,16.6,11.7,99.0
High,TX,2029,18.7,13.6,115.0
High,TX,2030,20.9,15.5,131.0
High,US,2024,44.5,22.4,192.0
High,US,2025,59.1,30.4,258.0
High,US,2026,73.8,41.1,348.0
High,US,2027,88.5,54.4,459.0
High,US,2028,103.0,68.5,578.0
High,US,2029,118.0,81.5,687.0
High,US,2030,132.0,94.0,794.0
High,UT,2024,0.619,0.412,3.47
High,UT,2025,0.725,0.474,3.99
High,UT,2026,0.831,0.552,4.66
High,UT,2027,0.937,0.647,5.46
High,UT,2028,1.04,0.758,6.4
High,UT,2029,1.15,0.84,7.09
High,UT,2030,1.25,0.921,7.78
High,VA,2024,6.82,4.1,34.6
High,VA,2025,10.5,5.42,45.7
High,VA,2026,14.2,7.41,62.5
High,VA,2027,17.9,10.0,84.8
High,VA,2028,21.6,13.0,110.0
High,VA,2029,25.3,16.3,137.0
High,VA,2030,28.9,19.4,164.0
High,VT,2024,0.002,0.0,0.003
High,VT,2025,0.002,0.001,0.006
High,VT,2026,0.002,0.001,0.009
High,VT,2027,0.002,0.001,0.012
High,VT,2028,0.002,0.002,0.015
High,VT,2029,0.002,0.002,0.015
High,VT,2030,0.002,0.002,0.015
High,WA,2024,1.28,0.775,6.53
High,WA,2025,1.31,0.893,7.52
High,WA,2026,1.35,1.02,8.56
High,WA,2027,1.38,1.14,9.64
High,WA,2028,1.41,1.21,10.2
High,WA,2029,1.44,1.23,10.4
High,WA,2030,1.47,1.26,10.6
High,WI,2024,0.115,0.034,0.283
High,WI,2025,0.237,0.078,0.656
High,WI,2026,0.358,0.143,1.21
High,WI,2027,0.479,0.229,1.94
High,WI,2028,0.6,0.335,2.83
High,WI,2029,0.721,0.44,3.72
High,WI,2030,0.842,0.542,4.58
High,WV,2024,0.0,0.0,0.0
High,WV,2025,0.0,0.0,0.0
High,WV,2026,0.0,0.0,0.0
High,WV,2027,0.0,0.0,0.0
High,WV,2028,0.0,0.0,0.0
High,WV,2029,0.0,0.0,0.0
High,WV,2030,0.0,0.0,0.0
High,WY,2024,0.376,0.196,1.66
High,WY,2025,0.496,0.248,2.1
High,WY,2026,0.616,0.318,2.69
High,WY,2027,0.736,0.407,3.44
High,WY,2028,0.856,0.515,4.35
High,WY,2029,0.976,0.612,5.18
High,WY,2030,1.1,0.706,5.97
