load_zone,avg_growth,peak_growth
p1,0.010826516787141152,0.015115475380470547
p10,0.024173419475592737,0.020498143209085305
p100,0.026961174424046858,0.022661213379777195
p101,0.017799969901440553,0.016053762239386052
p102,0.016617361505513642,0.016125002255727227
p103,0.017252262286283765,0.008600751582425112
p104,0.03433197430914474,0.03206398808133849
p105,0.029942932211779762,0.026376232649916617
p106,0.02656063914982217,0.021950206167055
p107,0.026499200925732935,0.02185329168193394
p108,0.021344963669060187,0.01832861926516331
p109,0.005119174157075255,0.005644963981830892
p11,0.02365977286716794,0.019770431253977507
p110,0.030216759112823496,0.028794156402294338
p111,0.026382099136694023,0.021586923436382726
p112,0.033925950794510024,0.032295073648980564
p113,0.014876837345102215,0.011456648241883804
p114,0.010713571984367546,0.0077848817189550105
p115,0.02415590135938092,0.019833427886644057
p116,0.027233140219958887,0.022738152199661712
p117,0.038188179374015314,0.037362026313233564
p118,0.036267371918457705,0.03636201599186773
p119,0.023332973243167302,0.021215383832005975
p12,0.02707700836850053,0.03175473210943563
p120,0.019099164092951433,0.01694344815931953
p121,0.025045334587903915,0.020757852184669714
p122,0.015962862482229587,0.017982703758441534
p123,0.009386008388356133,0.009064336911111488
p124,0.004861968316937471,0.007683360566883557
p125,0.004863875198117888,0.007651753221350591
p126,0.01388927876741594,0.009971876402295361
p127,0.017285936869214674,0.010753972267555633
p128,0.006952813579539487,0.006288810655895385
p129,0.02266423858949533,0.03205789792943906
p13,0.022465359984978422,0.0159888957917855
p130,0.022710871214027047,0.014360282886752541
p131,0.022481135083915343,0.024215415950931303
p132,0.011687720573712,0.009019129166494192
p133,0.021539339486287546,0.014949475366632213
p134,0.02644102898950006,0.040376698584839596
p14,0.008721121362098211,0.008894596035870736
p15,0.018046069980100728,0.017086451087165732
p16,0.02263377759762565,0.021692023486687483
p17,0.008729145693216983,0.008931488918608179
p18,0.007387122036354915,0.009345387970138582
p19,-0.0007667365975041674,0.0026837162835344043
p2,0.008867301802689364,0.008118380438555041
p20,0.00999936213785045,0.01147972279876796
p21,-0.0006912029854493441,0.002745428246606093
p22,-0.00045887299921767934,0.002935243928969788
p23,-0.0004889469724737135,0.0029106728037446273
p24,-0.0007667366325352203,0.002683716632186172
p25,-0.0005850646483209177,0.00282788790551792
p26,-0.0006318683559650548,0.002793268081146086
p27,0.008656560777650391,0.00925054642329804
p28,0.025051802890275168,0.021235125717765983
p29,0.02581462738756539,0.021322738381238694
p3,0.01235469063354496,0.01195525402477926
p30,0.02178055769736405,0.01908052882659109
p31,0.0009845289235010035,0.012264965361077233
p32,0.012181774741235154,0.010099417124465408
p33,0.013124776813984135,0.00955968073601203
p34,0.0053989502120751435,0.005726847285535369
p35,0.013822696301997912,0.013136421398832903
p36,0.023998002610774432,0.018041439199083156
p37,0.024948943493345904,0.01945462119417355
p38,0.02304766883626088,0.016667895546169237
p39,0.022624527540956105,0.016080054211210757
p4,0.023634094692482125,0.021203060024680108
p40,0.022711020690167758,0.01613000279673476
p41,0.022432228985626534,0.01597174063276503
p42,0.026496924329393046,0.02175506032971299
p43,0.026490061415163548,0.021762135860682867
p44,0.025211239528612896,0.01984441942362662
p45,0.022731273804915783,0.016158964969528164
p46,0.026484221033909492,0.0217361863589714
p47,0.018648382305472125,0.015475318792406243
p48,0.02274899850686461,0.016257501384395474
p49,0.021304555362632392,0.015618544795208012
p5,0.01148961476743762,0.010506645823567608
p50,0.019620833127926045,0.016134048082307558
p51,0.019590865842083062,0.0161453016807685
p52,0.01969314760376681,0.016130039294350664
p53,0.019659430011694443,0.016128983877386566
p54,0.013375824937500792,0.011963788440812542
p55,0.0078098148225536485,0.008319490720114961
p56,0.014739432828454203,0.013853197110890322
p57,0.019771889880378125,0.016255469414976208
p58,0.022375099357143706,0.016043885688171215
p59,0.016587429468399556,0.016130040364616294
p6,0.004861968335338163,0.0026837165861223387
p60,0.029541432608482913,0.03637442032485288
p61,0.0292913697821347,0.03563801312350514
p62,0.029594539169610048,0.03643723353830847
p63,0.026596177260716437,0.023631539419060224
p64,0.026403529390839852,0.022112544911126623
p65,0.026457898612888636,0.021721607579793252
p66,0.022826322508866542,0.016495072877988872
p67,0.019607616785619498,0.01578804289965715
p68,0.02432336475570888,0.018524958485378825
p69,0.022898718464384578,0.016407803494472215
p7,0.011518326231028166,0.009806814591651091
p70,0.02214466197740237,0.015830445348222057
p71,-0.0007193147239496924,0.002708207408726509
p72,0.014374469114083679,0.01263186969870432
p73,0.01005899372940747,0.009824481044805284
p74,0.023060186117579942,0.01664775433051236
p75,0.02285671559114933,0.016342232101806266
p76,0.023075185541888192,0.016549870776983708
p77,0.025245307728844563,0.019895051038473274
p78,0.022681978644882732,0.016138036009293245
p79,0.022319630242742607,0.015897353259209244
p8,0.009482487753865758,0.007804142811592919
p80,0.02550733613972672,0.015767920869622264
p81,0.011234854708413705,0.008083844703794732
p82,0.011180767879556797,0.008202504149124447
p83,0.010793453369435047,0.0077760117707072664
p84,0.0028533049656533247,0.005070708897681692
p85,0.011832100604573952,0.012514878818323923
p86,0.0215169408044123,0.01572058643428139
p87,0.019199087611452077,0.01507650853750052
p88,0.00486196837114825,0.007683360519722395
p89,0.0048740079051543,0.004662637059437468
p9,0.026907484723210525,0.02709474371363047
p90,0.0050521647382359555,0.003117176107967963
p91,0.013683574459448868,0.01278585830122086
p92,0.005036223868647852,0.007802876578627822
p93,0.007807017670072514,0.008729611477161777
p94,0.027540912989368574,0.03454007984879319
p95,0.01970154207200969,0.021690911264432906
p96,0.023707350644417296,0.019118604697312996
p97,0.01611199342895732,0.018039941662581153
p98,0.023819616683666136,0.026916090601798563
p99,0.03762158372008509,0.0433508022960311
