load_zone,fuel,period,fuel_cost
p1,coal,2028,3.37494601314905
p1,coal,2030,3.37494601314905
p1,coal,2035,3.37494601314905
p2,coal,2028,3.37494601314905
p2,coal,2030,3.37494601314905
p2,coal,2035,3.37494601314905
p3,coal,2028,3.37494601314905
p3,coal,2030,3.37494601314905
p3,coal,2035,3.37494601314905
p4,coal,2028,3.37494601314905
p4,coal,2030,3.37494601314905
p4,coal,2035,3.37494601314905
p5,coal,2028,2.64224169874175
p5,coal,2030,2.64224169874175
p5,coal,2035,2.64224169874175
p6,coal,2028,2.64224169874175
p6,coal,2030,2.64224169874175
p6,coal,2035,2.64224169874175
p7,coal,2028,2.64224169874175
p7,coal,2030,2.64224169874175
p7,coal,2035,2.64224169874175
p8,coal,2028,5.90457116714559
p8,coal,2030,5.90457116714559
p8,coal,2035,5.90457116714559
p9,coal,2028,5.90457116714559
p9,coal,2030,5.90457116714559
p9,coal,2035,5.90457116714559
p10,coal,2028,5.90457116714559
p10,coal,2030,5.90457116714559
p10,coal,2035,5.90457116714559
p11,coal,2028,5.90457116714559
p11,coal,2030,5.90457116714559
p11,coal,2035,5.90457116714559
p12,coal,2028,3.77868733773176
p12,coal,2030,3.77868733773176
p12,coal,2035,3.77868733773176
p13,coal,2028,3.77868733773176
p13,coal,2030,3.77868733773176
p13,coal,2035,3.77868733773176
p14,coal,2028,5.90457116714559
p14,coal,2030,5.90457116714559
p14,coal,2035,5.90457116714559
p15,coal,2028,5.90457116714559
p15,coal,2030,5.90457116714559
p15,coal,2035,5.90457116714559
p16,coal,2028,5.90457116714559
p16,coal,2030,5.90457116714559
p16,coal,2035,5.90457116714559
p17,coal,2028,2.55581703799851
p17,coal,2030,2.55581703799851
p17,coal,2035,2.55581703799851
p18,coal,2028,2.55581703799851
p18,coal,2030,2.55581703799851
p18,coal,2035,2.55581703799851
p19,coal,2028,2.55581703799851
p19,coal,2030,2.55581703799851
p19,coal,2035,2.55581703799851
p20,coal,2028,2.55581703799851
p20,coal,2030,2.55581703799851
p20,coal,2035,2.55581703799851
p21,coal,2028,1.88404379810514
p21,coal,2030,1.88404379810514
p21,coal,2035,1.88404379810514
p22,coal,2028,1.88404379810514
p22,coal,2030,1.88404379810514
p22,coal,2035,1.88404379810514
p23,coal,2028,1.88404379810514
p23,coal,2030,1.88404379810514
p23,coal,2035,1.88404379810514
p24,coal,2028,1.88404379810514
p24,coal,2030,1.88404379810514
p24,coal,2035,1.88404379810514
p25,coal,2028,2.66311267082832
p25,coal,2030,2.66311267082832
p25,coal,2035,2.66311267082832
p26,coal,2028,2.66311267082832
p26,coal,2030,2.66311267082832
p26,coal,2035,2.66311267082832
p27,coal,2028,2.93634437833412
p27,coal,2030,2.93634437833412
p27,coal,2035,2.93634437833412
p28,coal,2028,2.93634437833412
p28,coal,2030,2.93634437833412
p28,coal,2035,2.93634437833412
p29,coal,2028,2.93634437833412
p29,coal,2030,2.93634437833412
p29,coal,2035,2.93634437833412
p30,coal,2028,2.93634437833412
p30,coal,2030,2.93634437833412
p30,coal,2035,2.93634437833412
p31,coal,2028,3.31518673835118
p31,coal,2030,3.31518673835118
p31,coal,2035,3.31518673835118
p32,coal,2028,2.27438193270812
p32,coal,2030,2.27438193270812
p32,coal,2035,2.27438193270812
p33,coal,2028,2.07001988715199
p33,coal,2030,2.07001988715199
p33,coal,2035,2.07001988715199
p34,coal,2028,2.07001988715199
p34,coal,2030,2.07001988715199
p34,coal,2035,2.07001988715199
p35,coal,2028,2.55581703799851
p35,coal,2030,2.55581703799851
p35,coal,2035,2.55581703799851
p36,coal,2028,1.88401793761614
p36,coal,2030,1.88401793761614
p36,coal,2035,1.88401793761614
p37,coal,2028,1.88401793761614
p37,coal,2030,1.88401793761614
p37,coal,2035,1.88401793761614
p38,coal,2028,2.27438193270812
p38,coal,2030,2.27438193270812
p38,coal,2035,2.27438193270812
p39,coal,2028,1.38818021498084
p39,coal,2030,1.38818021498084
p39,coal,2035,1.38818021498084
p40,coal,2028,1.38818021498084
p40,coal,2030,1.38818021498084
p40,coal,2035,1.38818021498084
p41,coal,2028,1.38818021498084
p41,coal,2030,1.38818021498084
p41,coal,2035,1.38818021498084
p42,coal,2028,2.41971158253388
p42,coal,2030,2.41971158253388
p42,coal,2035,2.41971158253388
p43,coal,2028,2.41971158253388
p43,coal,2030,2.41971158253388
p43,coal,2035,2.41971158253388
p44,coal,2028,2.41971158253388
p44,coal,2030,2.41971158253388
p44,coal,2035,2.41971158253388
p45,coal,2028,1.86488441514972
p45,coal,2030,1.86488441514972
p45,coal,2035,1.86488441514972
p46,coal,2028,2.44977511054965
p46,coal,2030,2.44977511054965
p46,coal,2035,2.44977511054965
p47,coal,2028,3.31518673835118
p47,coal,2030,3.31518673835118
p47,coal,2035,3.31518673835118
p48,coal,2028,2.30965375203363
p48,coal,2030,2.30965375203363
p48,coal,2035,2.30965375203363
p49,coal,2028,2.24533602860202
p49,coal,2030,2.24533602860202
p49,coal,2035,2.24533602860202
p50,coal,2028,2.24533602860202
p50,coal,2030,2.24533602860202
p50,coal,2035,2.24533602860202
p51,coal,2028,2.24533602860202
p51,coal,2030,2.24533602860202
p51,coal,2035,2.24533602860202
p52,coal,2028,1.7818728024663
p52,coal,2030,1.7818728024663
p52,coal,2035,1.7818728024663
p53,coal,2028,1.7818728024663
p53,coal,2030,1.7818728024663
p53,coal,2035,1.7818728024663
p54,coal,2028,1.93742166980525
p54,coal,2030,1.93742166980525
p54,coal,2035,1.93742166980525
p55,coal,2028,1.93742166980525
p55,coal,2030,1.93742166980525
p55,coal,2035,1.93742166980525
p56,coal,2028,2.28929712099459
p56,coal,2030,2.28929712099459
p56,coal,2035,2.28929712099459
p57,coal,2028,2.30965375203363
p57,coal,2030,2.30965375203363
p57,coal,2035,2.30965375203363
p58,coal,2028,4.08832464445445
p58,coal,2030,4.08832464445445
p58,coal,2035,4.08832464445445
p59,coal,2028,2.30965375203363
p59,coal,2030,2.30965375203363
p59,coal,2035,2.30965375203363
p60,coal,2028,2.30965375203363
p60,coal,2030,2.30965375203363
p60,coal,2035,2.30965375203363
p61,coal,2028,2.30965375203363
p61,coal,2030,2.30965375203363
p61,coal,2035,2.30965375203363
p62,coal,2028,2.30965375203363
p62,coal,2030,2.30965375203363
p62,coal,2035,2.30965375203363
p63,coal,2028,2.30965375203363
p63,coal,2030,2.30965375203363
p63,coal,2035,2.30965375203363
p64,coal,2028,2.30965375203363
p64,coal,2030,2.30965375203363
p64,coal,2035,2.30965375203363
p65,coal,2028,2.30965375203363
p65,coal,2030,2.30965375203363
p65,coal,2035,2.30965375203363
p66,coal,2028,2.30965375203363
p66,coal,2030,2.30965375203363
p66,coal,2035,2.30965375203363
p67,coal,2028,2.30965375203363
p67,coal,2030,2.30965375203363
p67,coal,2035,2.30965375203363
p68,coal,2028,2.41971158253388
p68,coal,2030,2.41971158253388
p68,coal,2035,2.41971158253388
p69,coal,2028,1.86488441514972
p69,coal,2030,1.86488441514972
p69,coal,2035,1.86488441514972
p70,coal,2028,1.86488441514972
p70,coal,2030,1.86488441514972
p70,coal,2035,1.86488441514972
p71,coal,2028,1.93742166980525
p71,coal,2030,1.93742166980525
p71,coal,2035,1.93742166980525
p72,coal,2028,1.93742166980525
p72,coal,2030,1.93742166980525
p72,coal,2035,1.93742166980525
p73,coal,2028,1.93742166980525
p73,coal,2030,1.93742166980525
p73,coal,2035,1.93742166980525
p74,coal,2028,2.51432732161769
p74,coal,2030,2.51432732161769
p74,coal,2035,2.51432732161769
p75,coal,2028,2.44977511054965
p75,coal,2030,2.44977511054965
p75,coal,2035,2.44977511054965
p76,coal,2028,2.44977511054965
p76,coal,2030,2.44977511054965
p76,coal,2035,2.44977511054965
p77,coal,2028,2.44977511054965
p77,coal,2030,2.44977511054965
p77,coal,2035,2.44977511054965
p78,coal,2028,2.44977511054965
p78,coal,2030,2.44977511054965
p78,coal,2035,2.44977511054965
p79,coal,2028,2.44977511054965
p79,coal,2030,2.44977511054965
p79,coal,2035,2.44977511054965
p80,coal,2028,1.93887719662013
p80,coal,2030,1.93887719662013
p80,coal,2035,1.93887719662013
p81,coal,2028,1.93887719662013
p81,coal,2030,1.93887719662013
p81,coal,2035,1.93887719662013
p82,coal,2028,1.93887719662013
p82,coal,2030,1.93887719662013
p82,coal,2035,1.93887719662013
p83,coal,2028,1.93887719662013
p83,coal,2030,1.93887719662013
p83,coal,2035,1.93887719662013
p84,coal,2028,1.93742166980525
p84,coal,2030,1.93742166980525
p84,coal,2035,1.93742166980525
p85,coal,2028,2.28929712099459
p85,coal,2030,2.28929712099459
p85,coal,2035,2.28929712099459
p86,coal,2028,4.08832464445445
p86,coal,2030,4.08832464445445
p86,coal,2035,4.08832464445445
p87,coal,2028,3.62996548481329
p87,coal,2030,3.62996548481329
p87,coal,2035,3.62996548481329
p88,coal,2028,3.62996548481329
p88,coal,2030,3.62996548481329
p88,coal,2035,3.62996548481329
p89,coal,2028,2.77928132966812
p89,coal,2030,2.77928132966812
p89,coal,2035,2.77928132966812
p90,coal,2028,2.77928132966812
p90,coal,2030,2.77928132966812
p90,coal,2035,2.77928132966812
p91,coal,2028,3.41552526585784
p91,coal,2030,3.41552526585784
p91,coal,2035,3.41552526585784
p92,coal,2028,2.98890204149356
p92,coal,2030,2.98890204149356
p92,coal,2035,2.98890204149356
p93,coal,2028,2.38869030065423
p93,coal,2030,2.38869030065423
p93,coal,2035,2.38869030065423
p94,coal,2028,3.8709860955343
p94,coal,2030,3.8709860955343
p94,coal,2035,3.8709860955343
p95,coal,2028,3.58243479282542
p95,coal,2030,3.58243479282542
p95,coal,2035,3.58243479282542
p96,coal,2028,3.58243479282542
p96,coal,2030,3.58243479282542
p96,coal,2035,3.58243479282542
p97,coal,2028,3.85853873767834
p97,coal,2030,3.85853873767834
p97,coal,2035,3.85853873767834
p98,coal,2028,3.85853873767834
p98,coal,2030,3.85853873767834
p98,coal,2035,3.85853873767834
p99,coal,2028,3.81803681480617
p99,coal,2030,3.81803681480617
p99,coal,2035,3.81803681480617
p100,coal,2028,3.81803681480617
p100,coal,2030,3.81803681480617
p100,coal,2035,3.81803681480617
p101,coal,2028,3.41552526585784
p101,coal,2030,3.41552526585784
p101,coal,2035,3.41552526585784
p102,coal,2028,3.41552526585784
p102,coal,2030,3.41552526585784
p102,coal,2035,3.41552526585784
p103,coal,2028,2.51432732161769
p103,coal,2030,2.51432732161769
p103,coal,2035,2.51432732161769
p104,coal,2028,2.51432732161769
p104,coal,2030,2.51432732161769
p104,coal,2035,2.51432732161769
p105,coal,2028,2.8134090963819
p105,coal,2030,2.8134090963819
p105,coal,2035,2.8134090963819
p106,coal,2028,2.8134090963819
p106,coal,2030,2.8134090963819
p106,coal,2035,2.8134090963819
p107,coal,2028,2.8134090963819
p107,coal,2030,2.8134090963819
p107,coal,2035,2.8134090963819
p108,coal,2028,2.38869030065423
p108,coal,2030,2.38869030065423
p108,coal,2035,2.38869030065423
p109,coal,2028,2.38869030065423
p109,coal,2030,2.38869030065423
p109,coal,2035,2.38869030065423
p110,coal,2028,2.38869030065423
p110,coal,2030,2.38869030065423
p110,coal,2035,2.38869030065423
p111,coal,2028,2.47768862847312
p111,coal,2030,2.47768862847312
p111,coal,2035,2.47768862847312
p112,coal,2028,2.47768862847312
p112,coal,2030,2.47768862847312
p112,coal,2035,2.47768862847312
p113,coal,2028,2.47768862847312
p113,coal,2030,2.47768862847312
p113,coal,2035,2.47768862847312
p114,coal,2028,2.47768862847312
p114,coal,2030,2.47768862847312
p114,coal,2035,2.47768862847312
p115,coal,2028,2.69379823264502
p115,coal,2030,2.69379823264502
p115,coal,2035,2.69379823264502
p116,coal,2028,2.5571907609492
p116,coal,2030,2.5571907609492
p116,coal,2035,2.5571907609492
p117,coal,2028,2.5571907609492
p117,coal,2030,2.5571907609492
p117,coal,2035,2.5571907609492
p118,coal,2028,3.81803681480617
p118,coal,2030,3.81803681480617
p118,coal,2035,3.81803681480617
p119,coal,2028,2.69379823264502
p119,coal,2030,2.69379823264502
p119,coal,2035,2.69379823264502
p120,coal,2028,2.69379823264502
p120,coal,2030,2.69379823264502
p120,coal,2035,2.69379823264502
p121,coal,2028,3.22470861932147
p121,coal,2030,3.22470861932147
p121,coal,2035,3.22470861932147
p122,coal,2028,2.69379823264502
p122,coal,2030,2.69379823264502
p122,coal,2035,2.69379823264502
p123,coal,2028,3.22470861932147
p123,coal,2030,3.22470861932147
p123,coal,2035,3.22470861932147
p124,coal,2028,3.81803681480617
p124,coal,2030,3.81803681480617
p124,coal,2035,3.81803681480617
p125,coal,2028,3.22470861932147
p125,coal,2030,3.22470861932147
p125,coal,2035,3.22470861932147
p126,coal,2028,4.2240538266887
p126,coal,2030,4.2240538266887
p126,coal,2035,4.2240538266887
p127,coal,2028,2.53315832585791
p127,coal,2030,2.53315832585791
p127,coal,2035,2.53315832585791
p128,coal,2028,2.53315832585791
p128,coal,2030,2.53315832585791
p128,coal,2035,2.53315832585791
p129,coal,2028,5.90457116714559
p129,coal,2030,5.90457116714559
p129,coal,2035,5.90457116714559
p130,coal,2028,4.81295316252935
p130,coal,2030,4.81295316252935
p130,coal,2035,4.81295316252935
p131,coal,2028,5.90457116714559
p131,coal,2030,5.90457116714559
p131,coal,2035,5.90457116714559
p132,coal,2028,4.19423519618398
p132,coal,2030,4.19423519618398
p132,coal,2035,4.19423519618398
p133,coal,2028,5.90457116714559
p133,coal,2030,5.90457116714559
p133,coal,2035,5.90457116714559
p134,coal,2028,4.81295316252935
p134,coal,2030,4.81295316252935
p134,coal,2035,4.81295316252935
p1,uranium,2028,0.681891574703434
p1,uranium,2030,0.681891574703434
p1,uranium,2035,0.681891574703434
p2,uranium,2028,0.681891574703434
p2,uranium,2030,0.681891574703434
p2,uranium,2035,0.681891574703434
p3,uranium,2028,0.681891574703434
p3,uranium,2030,0.681891574703434
p3,uranium,2035,0.681891574703434
p4,uranium,2028,0.681891574703434
p4,uranium,2030,0.681891574703434
p4,uranium,2035,0.681891574703434
p5,uranium,2028,1.37390438022092
p5,uranium,2030,1.37390438022092
p5,uranium,2035,1.37390438022092
p6,uranium,2028,1.37390438022092
p6,uranium,2030,1.37390438022092
p6,uranium,2035,1.37390438022092
p7,uranium,2028,1.37390438022092
p7,uranium,2030,1.37390438022092
p7,uranium,2035,1.37390438022092
p8,uranium,2028,0.677938729916467
p8,uranium,2030,0.677938729916467
p8,uranium,2035,0.677938729916467
p9,uranium,2028,0.677938729916467
p9,uranium,2030,0.677938729916467
p9,uranium,2035,0.677938729916467
p10,uranium,2028,0.677938729916467
p10,uranium,2030,0.677938729916467
p10,uranium,2035,0.677938729916467
p11,uranium,2028,0.677938729916467
p11,uranium,2030,0.677938729916467
p11,uranium,2035,0.677938729916467
p12,uranium,2028,1.37390438022092
p12,uranium,2030,1.37390438022092
p12,uranium,2035,1.37390438022092
p13,uranium,2028,1.37390438022092
p13,uranium,2030,1.37390438022092
p13,uranium,2035,1.37390438022092
p14,uranium,2028,1.37390438022092
p14,uranium,2030,1.37390438022092
p14,uranium,2035,1.37390438022092
p15,uranium,2028,1.37390438022092
p15,uranium,2030,1.37390438022092
p15,uranium,2035,1.37390438022092
p16,uranium,2028,1.37390438022092
p16,uranium,2030,1.37390438022092
p16,uranium,2035,1.37390438022092
p17,uranium,2028,1.37390438022092
p17,uranium,2030,1.37390438022092
p17,uranium,2035,1.37390438022092
p18,uranium,2028,1.37390438022092
p18,uranium,2030,1.37390438022092
p18,uranium,2035,1.37390438022092
p19,uranium,2028,1.37390438022092
p19,uranium,2030,1.37390438022092
p19,uranium,2035,1.37390438022092
p20,uranium,2028,1.37390438022092
p20,uranium,2030,1.37390438022092
p20,uranium,2035,1.37390438022092
p21,uranium,2028,1.37390438022092
p21,uranium,2030,1.37390438022092
p21,uranium,2035,1.37390438022092
p22,uranium,2028,1.37390438022092
p22,uranium,2030,1.37390438022092
p22,uranium,2035,1.37390438022092
p23,uranium,2028,1.37390438022092
p23,uranium,2030,1.37390438022092
p23,uranium,2035,1.37390438022092
p24,uranium,2028,1.37390438022092
p24,uranium,2030,1.37390438022092
p24,uranium,2035,1.37390438022092
p25,uranium,2028,1.37390438022092
p25,uranium,2030,1.37390438022092
p25,uranium,2035,1.37390438022092
p26,uranium,2028,1.37390438022092
p26,uranium,2030,1.37390438022092
p26,uranium,2035,1.37390438022092
p27,uranium,2028,0.717442680233998
p27,uranium,2030,0.717442680233998
p27,uranium,2035,0.717442680233998
p28,uranium,2028,0.717442680233998
p28,uranium,2030,0.717442680233998
p28,uranium,2035,0.717442680233998
p29,uranium,2028,0.717442680233998
p29,uranium,2030,0.717442680233998
p29,uranium,2035,0.717442680233998
p30,uranium,2028,0.717442680233998
p30,uranium,2030,0.717442680233998
p30,uranium,2035,0.717442680233998
p31,uranium,2028,1.37390438022092
p31,uranium,2030,1.37390438022092
p31,uranium,2035,1.37390438022092
p32,uranium,2028,1.37390438022092
p32,uranium,2030,1.37390438022092
p32,uranium,2035,1.37390438022092
p33,uranium,2028,1.37390438022092
p33,uranium,2030,1.37390438022092
p33,uranium,2035,1.37390438022092
p34,uranium,2028,1.37390438022092
p34,uranium,2030,1.37390438022092
p34,uranium,2035,1.37390438022092
p35,uranium,2028,1.37390438022092
p35,uranium,2030,1.37390438022092
p35,uranium,2035,1.37390438022092
p36,uranium,2028,1.37390438022092
p36,uranium,2030,1.37390438022092
p36,uranium,2035,1.37390438022092
p37,uranium,2028,1.37390438022092
p37,uranium,2030,1.37390438022092
p37,uranium,2035,1.37390438022092
p38,uranium,2028,1.37390438022092
p38,uranium,2030,1.37390438022092
p38,uranium,2035,1.37390438022092
p39,uranium,2028,0.681891574703434
p39,uranium,2030,0.681891574703434
p39,uranium,2035,0.681891574703434
p40,uranium,2028,0.681891574703434
p40,uranium,2030,0.681891574703434
p40,uranium,2035,0.681891574703434
p41,uranium,2028,0.681891574703434
p41,uranium,2030,0.681891574703434
p41,uranium,2035,0.681891574703434
p42,uranium,2028,0.868239244194314
p42,uranium,2030,0.868239244194314
p42,uranium,2035,0.868239244194314
p43,uranium,2028,0.868239244194314
p43,uranium,2030,0.868239244194314
p43,uranium,2035,0.868239244194314
p44,uranium,2028,0.868239244194314
p44,uranium,2030,0.868239244194314
p44,uranium,2035,0.868239244194314
p45,uranium,2028,0.787824359716576
p45,uranium,2030,0.787824359716576
p45,uranium,2035,0.787824359716576
p46,uranium,2028,0.677271350911614
p46,uranium,2030,0.677271350911614
p46,uranium,2035,0.677271350911614
p47,uranium,2028,1.37390438022092
p47,uranium,2030,1.37390438022092
p47,uranium,2035,1.37390438022092
p48,uranium,2028,0.677271350911614
p48,uranium,2030,0.677271350911614
p48,uranium,2035,0.677271350911614
p49,uranium,2028,1.37390438022092
p49,uranium,2030,1.37390438022092
p49,uranium,2035,1.37390438022092
p50,uranium,2028,1.37390438022092
p50,uranium,2030,1.37390438022092
p50,uranium,2035,1.37390438022092
p51,uranium,2028,1.37390438022092
p51,uranium,2030,1.37390438022092
p51,uranium,2035,1.37390438022092
p52,uranium,2028,0.668010497772949
p52,uranium,2030,0.668010497772949
p52,uranium,2035,0.668010497772949
p53,uranium,2028,0.668010497772949
p53,uranium,2030,0.668010497772949
p53,uranium,2035,0.668010497772949
p54,uranium,2028,0.942488186407454
p54,uranium,2030,0.942488186407454
p54,uranium,2035,0.942488186407454
p55,uranium,2028,0.942488186407454
p55,uranium,2030,0.942488186407454
p55,uranium,2035,0.942488186407454
p56,uranium,2028,0.57769142665462
p56,uranium,2030,0.57769142665462
p56,uranium,2035,0.57769142665462
p57,uranium,2028,0.677271350911614
p57,uranium,2030,0.677271350911614
p57,uranium,2035,0.677271350911614
p58,uranium,2028,0.631619064669573
p58,uranium,2030,0.631619064669573
p58,uranium,2035,0.631619064669573
p59,uranium,2028,0.677271350911614
p59,uranium,2030,0.677271350911614
p59,uranium,2035,0.677271350911614
p60,uranium,2028,0.677271350911614
p60,uranium,2030,0.677271350911614
p60,uranium,2035,0.677271350911614
p61,uranium,2028,0.677271350911614
p61,uranium,2030,0.677271350911614
p61,uranium,2035,0.677271350911614
p62,uranium,2028,0.677271350911614
p62,uranium,2030,0.677271350911614
p62,uranium,2035,0.677271350911614
p63,uranium,2028,0.677271350911614
p63,uranium,2030,0.677271350911614
p63,uranium,2035,0.677271350911614
p64,uranium,2028,0.677271350911614
p64,uranium,2030,0.677271350911614
p64,uranium,2035,0.677271350911614
p65,uranium,2028,0.677271350911614
p65,uranium,2030,0.677271350911614
p65,uranium,2035,0.677271350911614
p66,uranium,2028,0.677271350911614
p66,uranium,2030,0.677271350911614
p66,uranium,2035,0.677271350911614
p67,uranium,2028,0.677271350911614
p67,uranium,2030,0.677271350911614
p67,uranium,2035,0.677271350911614
p68,uranium,2028,0.868239244194314
p68,uranium,2030,0.868239244194314
p68,uranium,2035,0.868239244194314
p69,uranium,2028,0.787824359716576
p69,uranium,2030,0.787824359716576
p69,uranium,2035,0.787824359716576
p70,uranium,2028,0.787824359716576
p70,uranium,2030,0.787824359716576
p70,uranium,2035,0.787824359716576
p71,uranium,2028,0.942488186407454
p71,uranium,2030,0.942488186407454
p71,uranium,2035,0.942488186407454
p72,uranium,2028,0.942488186407454
p72,uranium,2030,0.942488186407454
p72,uranium,2035,0.942488186407454
p73,uranium,2028,0.942488186407454
p73,uranium,2030,0.942488186407454
p73,uranium,2035,0.942488186407454
p74,uranium,2028,0.60023265819126
p74,uranium,2030,0.60023265819126
p74,uranium,2035,0.60023265819126
p75,uranium,2028,0.677271350911614
p75,uranium,2030,0.677271350911614
p75,uranium,2035,0.677271350911614
p76,uranium,2028,0.677271350911614
p76,uranium,2030,0.677271350911614
p76,uranium,2035,0.677271350911614
p77,uranium,2028,0.677271350911614
p77,uranium,2030,0.677271350911614
p77,uranium,2035,0.677271350911614
p78,uranium,2028,0.677271350911614
p78,uranium,2030,0.677271350911614
p78,uranium,2035,0.677271350911614
p79,uranium,2028,0.677271350911614
p79,uranium,2030,0.677271350911614
p79,uranium,2035,0.677271350911614
p80,uranium,2028,0.680579563113122
p80,uranium,2030,0.680579563113122
p80,uranium,2035,0.680579563113122
p81,uranium,2028,0.680579563113122
p81,uranium,2030,0.680579563113122
p81,uranium,2035,0.680579563113122
p82,uranium,2028,0.680579563113122
p82,uranium,2030,0.680579563113122
p82,uranium,2035,0.680579563113122
p83,uranium,2028,0.680579563113122
p83,uranium,2030,0.680579563113122
p83,uranium,2035,0.680579563113122
p84,uranium,2028,0.942488186407454
p84,uranium,2030,0.942488186407454
p84,uranium,2035,0.942488186407454
p85,uranium,2028,0.57769142665462
p85,uranium,2030,0.57769142665462
p85,uranium,2035,0.57769142665462
p86,uranium,2028,0.631619064669573
p86,uranium,2030,0.631619064669573
p86,uranium,2035,0.631619064669573
p87,uranium,2028,0.60557262796233
p87,uranium,2030,0.60557262796233
p87,uranium,2035,0.60557262796233
p88,uranium,2028,0.60557262796233
p88,uranium,2030,0.60557262796233
p88,uranium,2035,0.60557262796233
p89,uranium,2028,0.699370334975791
p89,uranium,2030,0.699370334975791
p89,uranium,2035,0.699370334975791
p90,uranium,2028,0.699370334975791
p90,uranium,2030,0.699370334975791
p90,uranium,2035,0.699370334975791
p91,uranium,2028,0.566032152223284
p91,uranium,2030,0.566032152223284
p91,uranium,2035,0.566032152223284
p92,uranium,2028,0.677271350911614
p92,uranium,2030,0.677271350911614
p92,uranium,2035,0.677271350911614
p93,uranium,2028,1.37390438022092
p93,uranium,2030,1.37390438022092
p93,uranium,2035,1.37390438022092
p94,uranium,2028,0.725193606413334
p94,uranium,2030,0.725193606413334
p94,uranium,2035,0.725193606413334
p95,uranium,2028,0.729152368030912
p95,uranium,2030,0.729152368030912
p95,uranium,2035,0.729152368030912
p96,uranium,2028,0.729152368030912
p96,uranium,2030,0.729152368030912
p96,uranium,2035,0.729152368030912
p97,uranium,2028,0.677963138710105
p97,uranium,2030,0.677963138710105
p97,uranium,2035,0.677963138710105
p98,uranium,2028,0.677963138710105
p98,uranium,2030,0.677963138710105
p98,uranium,2035,0.677963138710105
p99,uranium,2028,0.623503296991194
p99,uranium,2030,0.623503296991194
p99,uranium,2035,0.623503296991194
p100,uranium,2028,0.623503296991194
p100,uranium,2030,0.623503296991194
p100,uranium,2035,0.623503296991194
p101,uranium,2028,0.566032152223284
p101,uranium,2030,0.566032152223284
p101,uranium,2035,0.566032152223284
p102,uranium,2028,0.566032152223284
p102,uranium,2030,0.566032152223284
p102,uranium,2035,0.566032152223284
p103,uranium,2028,0.60023265819126
p103,uranium,2030,0.60023265819126
p103,uranium,2035,0.60023265819126
p104,uranium,2028,0.60023265819126
p104,uranium,2030,0.60023265819126
p104,uranium,2035,0.60023265819126
p105,uranium,2028,1.37390438022092
p105,uranium,2030,1.37390438022092
p105,uranium,2035,1.37390438022092
p106,uranium,2028,1.37390438022092
p106,uranium,2030,1.37390438022092
p106,uranium,2035,1.37390438022092
p107,uranium,2028,1.37390438022092
p107,uranium,2030,1.37390438022092
p107,uranium,2035,1.37390438022092
p108,uranium,2028,1.37390438022092
p108,uranium,2030,1.37390438022092
p108,uranium,2035,1.37390438022092
p109,uranium,2028,1.37390438022092
p109,uranium,2030,1.37390438022092
p109,uranium,2035,1.37390438022092
p110,uranium,2028,1.37390438022092
p110,uranium,2030,1.37390438022092
p110,uranium,2035,1.37390438022092
p111,uranium,2028,0.678520572609025
p111,uranium,2030,0.678520572609025
p111,uranium,2035,0.678520572609025
p112,uranium,2028,0.678520572609025
p112,uranium,2030,0.678520572609025
p112,uranium,2035,0.678520572609025
p113,uranium,2028,0.678520572609025
p113,uranium,2030,0.678520572609025
p113,uranium,2035,0.678520572609025
p114,uranium,2028,0.678520572609025
p114,uranium,2030,0.678520572609025
p114,uranium,2035,0.678520572609025
p115,uranium,2028,0.67783638358814
p115,uranium,2030,0.67783638358814
p115,uranium,2035,0.67783638358814
p116,uranium,2028,1.37390438022092
p116,uranium,2030,1.37390438022092
p116,uranium,2035,1.37390438022092
p117,uranium,2028,1.37390438022092
p117,uranium,2030,1.37390438022092
p117,uranium,2035,1.37390438022092
p118,uranium,2028,0.623503296991194
p118,uranium,2030,0.623503296991194
p118,uranium,2035,0.623503296991194
p119,uranium,2028,0.67783638358814
p119,uranium,2030,0.67783638358814
p119,uranium,2035,0.67783638358814
p120,uranium,2028,0.67783638358814
p120,uranium,2030,0.67783638358814
p120,uranium,2035,0.67783638358814
p121,uranium,2028,0.677271350911614
p121,uranium,2030,0.677271350911614
p121,uranium,2035,0.677271350911614
p122,uranium,2028,0.67783638358814
p122,uranium,2030,0.67783638358814
p122,uranium,2035,0.67783638358814
p123,uranium,2028,0.677271350911614
p123,uranium,2030,0.677271350911614
p123,uranium,2035,0.677271350911614
p124,uranium,2028,0.623503296991194
p124,uranium,2030,0.623503296991194
p124,uranium,2035,0.623503296991194
p125,uranium,2028,1.37390438022092
p125,uranium,2030,1.37390438022092
p125,uranium,2035,1.37390438022092
p126,uranium,2028,0.678839677181033
p126,uranium,2030,0.678839677181033
p126,uranium,2035,0.678839677181033
p127,uranium,2028,0.680151688771345
p127,uranium,2030,0.680151688771345
p127,uranium,2035,0.680151688771345
p128,uranium,2028,0.680151688771345
p128,uranium,2030,0.680151688771345
p128,uranium,2035,0.680151688771345
p129,uranium,2028,1.37390438022092
p129,uranium,2030,1.37390438022092
p129,uranium,2035,1.37390438022092
p130,uranium,2028,0.677271350911614
p130,uranium,2030,0.677271350911614
p130,uranium,2035,0.677271350911614
p131,uranium,2028,1.37390438022092
p131,uranium,2030,1.37390438022092
p131,uranium,2035,1.37390438022092
p132,uranium,2028,0.677271350911614
p132,uranium,2030,0.677271350911614
p132,uranium,2035,0.677271350911614
p133,uranium,2028,1.37390438022092
p133,uranium,2030,1.37390438022092
p133,uranium,2035,1.37390438022092
p134,uranium,2028,1.37390438022092
p134,uranium,2030,1.37390438022092
p134,uranium,2035,1.37390438022092
p1,distillate,2028,22.4552496229456
p1,distillate,2030,22.4552496229456
p1,distillate,2035,22.4552496229456
p2,distillate,2028,22.4552496229456
p2,distillate,2030,22.4552496229456
p2,distillate,2035,22.4552496229456
p3,distillate,2028,22.4552496229456
p3,distillate,2030,22.4552496229456
p3,distillate,2035,22.4552496229456
p4,distillate,2028,22.4552496229456
p4,distillate,2030,22.4552496229456
p4,distillate,2035,22.4552496229456
p5,distillate,2028,20.2855070288904
p5,distillate,2030,20.2855070288904
p5,distillate,2035,20.2855070288904
p6,distillate,2028,20.2855070288904
p6,distillate,2030,20.2855070288904
p6,distillate,2035,20.2855070288904
p7,distillate,2028,20.2855070288904
p7,distillate,2030,20.2855070288904
p7,distillate,2035,20.2855070288904
p8,distillate,2028,21.880112028682
p8,distillate,2030,21.880112028682
p8,distillate,2035,21.880112028682
p9,distillate,2028,21.880112028682
p9,distillate,2030,21.880112028682
p9,distillate,2035,21.880112028682
p10,distillate,2028,21.880112028682
p10,distillate,2030,21.880112028682
p10,distillate,2035,21.880112028682
p11,distillate,2028,21.880112028682
p11,distillate,2030,21.880112028682
p11,distillate,2035,21.880112028682
p12,distillate,2028,23.5744160696578
p12,distillate,2030,23.5744160696578
p12,distillate,2035,23.5744160696578
p13,distillate,2028,23.5744160696578
p13,distillate,2030,23.5744160696578
p13,distillate,2035,23.5744160696578
p14,distillate,2028,23.0401473749532
p14,distillate,2030,23.0401473749532
p14,distillate,2035,23.0401473749532
p15,distillate,2028,23.0401473749532
p15,distillate,2030,23.0401473749532
p15,distillate,2035,23.0401473749532
p16,distillate,2028,23.0401473749532
p16,distillate,2030,23.0401473749532
p16,distillate,2035,23.0401473749532
p17,distillate,2028,20.9076164703224
p17,distillate,2030,20.9076164703224
p17,distillate,2035,20.9076164703224
p18,distillate,2028,20.9076164703224
p18,distillate,2030,20.9076164703224
p18,distillate,2035,20.9076164703224
p19,distillate,2028,20.9076164703224
p19,distillate,2030,20.9076164703224
p19,distillate,2035,20.9076164703224
p20,distillate,2028,20.9076164703224
p20,distillate,2030,20.9076164703224
p20,distillate,2035,20.9076164703224
p21,distillate,2028,22.1492672757046
p21,distillate,2030,22.1492672757046
p21,distillate,2035,22.1492672757046
p22,distillate,2028,22.1492672757046
p22,distillate,2030,22.1492672757046
p22,distillate,2035,22.1492672757046
p23,distillate,2028,22.1492672757046
p23,distillate,2030,22.1492672757046
p23,distillate,2035,22.1492672757046
p24,distillate,2028,22.1492672757046
p24,distillate,2030,22.1492672757046
p24,distillate,2035,22.1492672757046
p25,distillate,2028,22.603057087745
p25,distillate,2030,22.603057087745
p25,distillate,2035,22.603057087745
p26,distillate,2028,22.603057087745
p26,distillate,2030,22.603057087745
p26,distillate,2035,22.603057087745
p27,distillate,2028,22.3873605515153
p27,distillate,2030,22.3873605515153
p27,distillate,2035,22.3873605515153
p28,distillate,2028,22.3873605515153
p28,distillate,2030,22.3873605515153
p28,distillate,2035,22.3873605515153
p29,distillate,2028,22.3873605515153
p29,distillate,2030,22.3873605515153
p29,distillate,2035,22.3873605515153
p30,distillate,2028,22.3873605515153
p30,distillate,2030,22.3873605515153
p30,distillate,2035,22.3873605515153
p31,distillate,2028,24.3401230320098
p31,distillate,2030,24.3401230320098
p31,distillate,2035,24.3401230320098
p32,distillate,2028,18.8750617711743
p32,distillate,2030,18.8750617711743
p32,distillate,2035,18.8750617711743
p33,distillate,2028,22.0682593940785
p33,distillate,2030,22.0682593940785
p33,distillate,2035,22.0682593940785
p34,distillate,2028,22.0682593940785
p34,distillate,2030,22.0682593940785
p34,distillate,2035,22.0682593940785
p35,distillate,2028,20.9076164703224
p35,distillate,2030,20.9076164703224
p35,distillate,2035,20.9076164703224
p36,distillate,2028,19.7845985115395
p36,distillate,2030,19.7845985115395
p36,distillate,2035,19.7845985115395
p37,distillate,2028,19.7845985115395
p37,distillate,2030,19.7845985115395
p37,distillate,2035,19.7845985115395
p38,distillate,2028,18.8750617711743
p38,distillate,2030,18.8750617711743
p38,distillate,2035,18.8750617711743
p39,distillate,2028,19.9010663291556
p39,distillate,2030,19.9010663291556
p39,distillate,2035,19.9010663291556
p40,distillate,2028,19.9010663291556
p40,distillate,2030,19.9010663291556
p40,distillate,2035,19.9010663291556
p41,distillate,2028,19.9010663291556
p41,distillate,2030,19.9010663291556
p41,distillate,2035,19.9010663291556
p42,distillate,2028,18.9616671242926
p42,distillate,2030,18.9616671242926
p42,distillate,2035,18.9616671242926
p43,distillate,2028,18.9616671242926
p43,distillate,2030,18.9616671242926
p43,distillate,2035,18.9616671242926
p44,distillate,2028,18.9616671242926
p44,distillate,2030,18.9616671242926
p44,distillate,2035,18.9616671242926
p45,distillate,2028,19.731021237938
p45,distillate,2030,19.731021237938
p45,distillate,2035,19.731021237938
p46,distillate,2028,18.5121502746684
p46,distillate,2030,18.5121502746684
p46,distillate,2035,18.5121502746684
p47,distillate,2028,24.3401230320098
p47,distillate,2030,24.3401230320098
p47,distillate,2035,24.3401230320098
p48,distillate,2028,19.2733580076434
p48,distillate,2030,19.2733580076434
p48,distillate,2035,19.2733580076434
p49,distillate,2028,19.2012898043546
p49,distillate,2030,19.2012898043546
p49,distillate,2035,19.2012898043546
p50,distillate,2028,19.2012898043546
p50,distillate,2030,19.2012898043546
p50,distillate,2035,19.2012898043546
p51,distillate,2028,19.2012898043546
p51,distillate,2030,19.2012898043546
p51,distillate,2035,19.2012898043546
p52,distillate,2028,19.1991508753987
p52,distillate,2030,19.1991508753987
p52,distillate,2035,19.1991508753987
p53,distillate,2028,19.1991508753987
p53,distillate,2030,19.1991508753987
p53,distillate,2035,19.1991508753987
p54,distillate,2028,19.5550849336345
p54,distillate,2030,19.5550849336345
p54,distillate,2035,19.5550849336345
p55,distillate,2028,19.5550849336345
p55,distillate,2030,19.5550849336345
p55,distillate,2035,19.5550849336345
p56,distillate,2028,19.6640828240384
p56,distillate,2030,19.6640828240384
p56,distillate,2035,19.6640828240384
p57,distillate,2028,19.2733580076434
p57,distillate,2030,19.2733580076434
p57,distillate,2035,19.2733580076434
p58,distillate,2028,18.5146246099859
p58,distillate,2030,18.5146246099859
p58,distillate,2035,18.5146246099859
p59,distillate,2028,19.2733580076434
p59,distillate,2030,19.2733580076434
p59,distillate,2035,19.2733580076434
p60,distillate,2028,19.2733580076434
p60,distillate,2030,19.2733580076434
p60,distillate,2035,19.2733580076434
p61,distillate,2028,19.2733580076434
p61,distillate,2030,19.2733580076434
p61,distillate,2035,19.2733580076434
p62,distillate,2028,19.2733580076434
p62,distillate,2030,19.2733580076434
p62,distillate,2035,19.2733580076434
p63,distillate,2028,19.2733580076434
p63,distillate,2030,19.2733580076434
p63,distillate,2035,19.2733580076434
p64,distillate,2028,19.2733580076434
p64,distillate,2030,19.2733580076434
p64,distillate,2035,19.2733580076434
p65,distillate,2028,19.2733580076434
p65,distillate,2030,19.2733580076434
p65,distillate,2035,19.2733580076434
p66,distillate,2028,19.2733580076434
p66,distillate,2030,19.2733580076434
p66,distillate,2035,19.2733580076434
p67,distillate,2028,19.2733580076434
p67,distillate,2030,19.2733580076434
p67,distillate,2035,19.2733580076434
p68,distillate,2028,18.9616671242926
p68,distillate,2030,18.9616671242926
p68,distillate,2035,18.9616671242926
p69,distillate,2028,19.731021237938
p69,distillate,2030,19.731021237938
p69,distillate,2035,19.731021237938
p70,distillate,2028,19.731021237938
p70,distillate,2030,19.731021237938
p70,distillate,2035,19.731021237938
p71,distillate,2028,19.5550849336345
p71,distillate,2030,19.5550849336345
p71,distillate,2035,19.5550849336345
p72,distillate,2028,19.5550849336345
p72,distillate,2030,19.5550849336345
p72,distillate,2035,19.5550849336345
p73,distillate,2028,19.5550849336345
p73,distillate,2030,19.5550849336345
p73,distillate,2035,19.5550849336345
p74,distillate,2028,19.025728679255
p74,distillate,2030,19.025728679255
p74,distillate,2035,19.025728679255
p75,distillate,2028,18.5121502746684
p75,distillate,2030,18.5121502746684
p75,distillate,2035,18.5121502746684
p76,distillate,2028,18.5121502746684
p76,distillate,2030,18.5121502746684
p76,distillate,2035,18.5121502746684
p77,distillate,2028,18.5121502746684
p77,distillate,2030,18.5121502746684
p77,distillate,2035,18.5121502746684
p78,distillate,2028,18.5121502746684
p78,distillate,2030,18.5121502746684
p78,distillate,2035,18.5121502746684
p79,distillate,2028,18.5121502746684
p79,distillate,2030,18.5121502746684
p79,distillate,2035,18.5121502746684
p80,distillate,2028,20.2578335494149
p80,distillate,2030,20.2578335494149
p80,distillate,2035,20.2578335494149
p81,distillate,2028,20.2578335494149
p81,distillate,2030,20.2578335494149
p81,distillate,2035,20.2578335494149
p82,distillate,2028,20.2578335494149
p82,distillate,2030,20.2578335494149
p82,distillate,2035,20.2578335494149
p83,distillate,2028,20.2578335494149
p83,distillate,2030,20.2578335494149
p83,distillate,2035,20.2578335494149
p84,distillate,2028,19.5550849336345
p84,distillate,2030,19.5550849336345
p84,distillate,2035,19.5550849336345
p85,distillate,2028,19.6640828240384
p85,distillate,2030,19.6640828240384
p85,distillate,2035,19.6640828240384
p86,distillate,2028,18.5146246099859
p86,distillate,2030,18.5146246099859
p86,distillate,2035,18.5146246099859
p87,distillate,2028,19.3155237675349
p87,distillate,2030,19.3155237675349
p87,distillate,2035,19.3155237675349
p88,distillate,2028,19.3155237675349
p88,distillate,2030,19.3155237675349
p88,distillate,2035,19.3155237675349
p89,distillate,2028,20.1131656317705
p89,distillate,2030,20.1131656317705
p89,distillate,2035,20.1131656317705
p90,distillate,2028,20.1131656317705
p90,distillate,2030,20.1131656317705
p90,distillate,2035,20.1131656317705
p91,distillate,2028,20.4849799078394
p91,distillate,2030,20.4849799078394
p91,distillate,2035,20.4849799078394
p92,distillate,2028,19.9760999114458
p92,distillate,2030,19.9760999114458
p92,distillate,2035,19.9760999114458
p93,distillate,2028,20.2029237900325
p93,distillate,2030,20.2029237900325
p93,distillate,2035,20.2029237900325
p94,distillate,2028,22.4447721253785
p94,distillate,2030,22.4447721253785
p94,distillate,2035,22.4447721253785
p95,distillate,2028,20.2656040268495
p95,distillate,2030,20.2656040268495
p95,distillate,2035,20.2656040268495
p96,distillate,2028,20.2656040268495
p96,distillate,2030,20.2656040268495
p96,distillate,2035,20.2656040268495
p97,distillate,2028,20.4373492891002
p97,distillate,2030,20.4373492891002
p97,distillate,2035,20.4373492891002
p98,distillate,2028,20.4373492891002
p98,distillate,2030,20.4373492891002
p98,distillate,2035,20.4373492891002
p99,distillate,2028,18.7499070689786
p99,distillate,2030,18.7499070689786
p99,distillate,2035,18.7499070689786
p100,distillate,2028,18.7499070689786
p100,distillate,2030,18.7499070689786
p100,distillate,2035,18.7499070689786
p101,distillate,2028,20.4849799078394
p101,distillate,2030,20.4849799078394
p101,distillate,2035,20.4849799078394
p102,distillate,2028,20.4849799078394
p102,distillate,2030,20.4849799078394
p102,distillate,2035,20.4849799078394
p103,distillate,2028,19.025728679255
p103,distillate,2030,19.025728679255
p103,distillate,2035,19.025728679255
p104,distillate,2028,19.025728679255
p104,distillate,2030,19.025728679255
p104,distillate,2035,19.025728679255
p105,distillate,2028,19.8526495120736
p105,distillate,2030,19.8526495120736
p105,distillate,2035,19.8526495120736
p106,distillate,2028,19.8526495120736
p106,distillate,2030,19.8526495120736
p106,distillate,2035,19.8526495120736
p107,distillate,2028,19.8526495120736
p107,distillate,2030,19.8526495120736
p107,distillate,2035,19.8526495120736
p108,distillate,2028,20.2029237900325
p108,distillate,2030,20.2029237900325
p108,distillate,2035,20.2029237900325
p109,distillate,2028,20.2029237900325
p109,distillate,2030,20.2029237900325
p109,distillate,2035,20.2029237900325
p110,distillate,2028,20.2029237900325
p110,distillate,2030,20.2029237900325
p110,distillate,2035,20.2029237900325
p111,distillate,2028,20.5897739149009
p111,distillate,2030,20.5897739149009
p111,distillate,2035,20.5897739149009
p112,distillate,2028,20.5897739149009
p112,distillate,2030,20.5897739149009
p112,distillate,2035,20.5897739149009
p113,distillate,2028,20.5897739149009
p113,distillate,2030,20.5897739149009
p113,distillate,2035,20.5897739149009
p114,distillate,2028,20.5897739149009
p114,distillate,2030,20.5897739149009
p114,distillate,2035,20.5897739149009
p115,distillate,2028,19.0406815598858
p115,distillate,2030,19.0406815598858
p115,distillate,2035,19.0406815598858
p116,distillate,2028,20.436422374726
p116,distillate,2030,20.436422374726
p116,distillate,2035,20.436422374726
p117,distillate,2028,20.436422374726
p117,distillate,2030,20.436422374726
p117,distillate,2035,20.436422374726
p118,distillate,2028,18.7499070689786
p118,distillate,2030,18.7499070689786
p118,distillate,2035,18.7499070689786
p119,distillate,2028,19.0406815598858
p119,distillate,2030,19.0406815598858
p119,distillate,2035,19.0406815598858
p120,distillate,2028,19.0406815598858
p120,distillate,2030,19.0406815598858
p120,distillate,2035,19.0406815598858
p121,distillate,2028,20.8058818757672
p121,distillate,2030,20.8058818757672
p121,distillate,2035,20.8058818757672
p122,distillate,2028,19.0406815598858
p122,distillate,2030,19.0406815598858
p122,distillate,2035,19.0406815598858
p123,distillate,2028,20.8058818757672
p123,distillate,2030,20.8058818757672
p123,distillate,2035,20.8058818757672
p124,distillate,2028,18.7499070689786
p124,distillate,2030,18.7499070689786
p124,distillate,2035,18.7499070689786
p125,distillate,2028,20.8058818757672
p125,distillate,2030,20.8058818757672
p125,distillate,2035,20.8058818757672
p126,distillate,2028,19.0406815598858
p126,distillate,2030,19.0406815598858
p126,distillate,2035,19.0406815598858
p127,distillate,2028,18.7305252479086
p127,distillate,2030,18.7305252479086
p127,distillate,2035,18.7305252479086
p128,distillate,2028,18.7305252479086
p128,distillate,2030,18.7305252479086
p128,distillate,2035,18.7305252479086
p129,distillate,2028,18.9050928657147
p129,distillate,2030,18.9050928657147
p129,distillate,2035,18.9050928657147
p130,distillate,2028,20.9473760135954
p130,distillate,2030,20.9473760135954
p130,distillate,2035,20.9473760135954
p131,distillate,2028,17.8292400515067
p131,distillate,2030,17.8292400515067
p131,distillate,2035,17.8292400515067
p132,distillate,2028,18.9050928657147
p132,distillate,2030,18.9050928657147
p132,distillate,2035,18.9050928657147
p133,distillate,2028,18.9050928657147
p133,distillate,2030,18.9050928657147
p133,distillate,2035,18.9050928657147
p134,distillate,2028,18.9050928657147
p134,distillate,2030,18.9050928657147
p134,distillate,2035,18.9050928657147
p1,naturalgas,2028,5.64358733709823
p1,naturalgas,2030,5.64358733709823
p1,naturalgas,2035,5.64358733709823
p2,naturalgas,2028,5.64358733709823
p2,naturalgas,2030,5.64358733709823
p2,naturalgas,2035,5.64358733709823
p3,naturalgas,2028,5.64358733709823
p3,naturalgas,2030,5.64358733709823
p3,naturalgas,2035,5.64358733709823
p4,naturalgas,2028,5.64358733709823
p4,naturalgas,2030,5.64358733709823
p4,naturalgas,2035,5.64358733709823
p5,naturalgas,2028,4.60382264163082
p5,naturalgas,2030,4.60382264163082
p5,naturalgas,2035,4.60382264163082
p6,naturalgas,2028,4.60382264163082
p6,naturalgas,2030,4.60382264163082
p6,naturalgas,2035,4.60382264163082
p7,naturalgas,2028,4.60382264163082
p7,naturalgas,2030,4.60382264163082
p7,naturalgas,2035,4.60382264163082
p8,naturalgas,2028,7.63481992416222
p8,naturalgas,2030,7.63481992416222
p8,naturalgas,2035,7.63481992416222
p9,naturalgas,2028,7.63481992416222
p9,naturalgas,2030,7.63481992416222
p9,naturalgas,2035,7.63481992416222
p10,naturalgas,2028,7.63481992416222
p10,naturalgas,2030,7.63481992416222
p10,naturalgas,2035,7.63481992416222
p11,naturalgas,2028,7.63481992416222
p11,naturalgas,2030,7.63481992416222
p11,naturalgas,2035,7.63481992416222
p12,naturalgas,2028,6.28760518804159
p12,naturalgas,2030,6.28760518804159
p12,naturalgas,2035,6.28760518804159
p13,naturalgas,2028,6.28760518804159
p13,naturalgas,2030,6.28760518804159
p13,naturalgas,2035,6.28760518804159
p14,naturalgas,2028,6.60072529746931
p14,naturalgas,2030,6.60072529746931
p14,naturalgas,2035,6.60072529746931
p15,naturalgas,2028,6.60072529746931
p15,naturalgas,2030,6.60072529746931
p15,naturalgas,2035,6.60072529746931
p16,naturalgas,2028,6.60072529746931
p16,naturalgas,2030,6.60072529746931
p16,naturalgas,2035,6.60072529746931
p17,naturalgas,2028,3.25253323938866
p17,naturalgas,2030,3.25253323938866
p17,naturalgas,2035,3.25253323938866
p18,naturalgas,2028,3.25253323938866
p18,naturalgas,2030,3.25253323938866
p18,naturalgas,2035,3.25253323938866
p19,naturalgas,2028,3.25253323938866
p19,naturalgas,2030,3.25253323938866
p19,naturalgas,2035,3.25253323938866
p20,naturalgas,2028,3.25253323938866
p20,naturalgas,2030,3.25253323938866
p20,naturalgas,2035,3.25253323938866
p21,naturalgas,2028,6.40509447751758
p21,naturalgas,2030,6.40509447751758
p21,naturalgas,2035,6.40509447751758
p22,naturalgas,2028,6.40509447751758
p22,naturalgas,2030,6.40509447751758
p22,naturalgas,2035,6.40509447751758
p23,naturalgas,2028,6.40509447751758
p23,naturalgas,2030,6.40509447751758
p23,naturalgas,2035,6.40509447751758
p24,naturalgas,2028,6.40509447751758
p24,naturalgas,2030,6.40509447751758
p24,naturalgas,2035,6.40509447751758
p25,naturalgas,2028,6.52171787092948
p25,naturalgas,2030,6.52171787092948
p25,naturalgas,2035,6.52171787092948
p26,naturalgas,2028,6.52171787092948
p26,naturalgas,2030,6.52171787092948
p26,naturalgas,2035,6.52171787092948
p27,naturalgas,2028,5.55726191043016
p27,naturalgas,2030,5.55726191043016
p27,naturalgas,2035,5.55726191043016
p28,naturalgas,2028,5.55726191043016
p28,naturalgas,2030,5.55726191043016
p28,naturalgas,2035,5.55726191043016
p29,naturalgas,2028,5.55726191043016
p29,naturalgas,2030,5.55726191043016
p29,naturalgas,2035,5.55726191043016
p30,naturalgas,2028,5.55726191043016
p30,naturalgas,2030,5.55726191043016
p30,naturalgas,2035,5.55726191043016
p31,naturalgas,2028,4.3456811765605
p31,naturalgas,2030,4.3456811765605
p31,naturalgas,2035,4.3456811765605
p32,naturalgas,2028,3.92360762431256
p32,naturalgas,2030,3.92360762431256
p32,naturalgas,2035,3.92360762431256
p33,naturalgas,2028,6.0144882597958
p33,naturalgas,2030,6.0144882597958
p33,naturalgas,2035,6.0144882597958
p34,naturalgas,2028,6.0144882597958
p34,naturalgas,2030,6.0144882597958
p34,naturalgas,2035,6.0144882597958
p35,naturalgas,2028,3.25253323938866
p35,naturalgas,2030,3.25253323938866
p35,naturalgas,2035,3.25253323938866
p36,naturalgas,2028,3.68175496200997
p36,naturalgas,2030,3.68175496200997
p36,naturalgas,2035,3.68175496200997
p37,naturalgas,2028,3.68175496200997
p37,naturalgas,2030,3.68175496200997
p37,naturalgas,2035,3.68175496200997
p38,naturalgas,2028,3.92360762431256
p38,naturalgas,2030,3.92360762431256
p38,naturalgas,2035,3.92360762431256
p39,naturalgas,2028,7.73841039375253
p39,naturalgas,2030,7.73841039375253
p39,naturalgas,2035,7.73841039375253
p40,naturalgas,2028,7.73841039375253
p40,naturalgas,2030,7.73841039375253
p40,naturalgas,2035,7.73841039375253
p41,naturalgas,2028,7.73841039375253
p41,naturalgas,2030,7.73841039375253
p41,naturalgas,2035,7.73841039375253
p42,naturalgas,2028,5.63514131324637
p42,naturalgas,2030,5.63514131324637
p42,naturalgas,2035,5.63514131324637
p43,naturalgas,2028,5.63514131324637
p43,naturalgas,2030,5.63514131324637
p43,naturalgas,2035,5.63514131324637
p44,naturalgas,2028,5.63514131324637
p44,naturalgas,2030,5.63514131324637
p44,naturalgas,2035,5.63514131324637
p45,naturalgas,2028,4.39935113963806
p45,naturalgas,2030,4.39935113963806
p45,naturalgas,2035,4.39935113963806
p46,naturalgas,2028,4.62488352501696
p46,naturalgas,2030,4.62488352501696
p46,naturalgas,2035,4.62488352501696
p47,naturalgas,2028,4.3456811765605
p47,naturalgas,2030,4.3456811765605
p47,naturalgas,2035,4.3456811765605
p48,naturalgas,2028,5.67352697403384
p48,naturalgas,2030,5.67352697403384
p48,naturalgas,2035,5.67352697403384
p49,naturalgas,2028,7.23604751266997
p49,naturalgas,2030,7.23604751266997
p49,naturalgas,2035,7.23604751266997
p50,naturalgas,2028,7.23604751266997
p50,naturalgas,2030,7.23604751266997
p50,naturalgas,2035,7.23604751266997
p51,naturalgas,2028,7.23604751266997
p51,naturalgas,2030,7.23604751266997
p51,naturalgas,2035,7.23604751266997
p52,naturalgas,2028,6.40095874364386
p52,naturalgas,2030,6.40095874364386
p52,naturalgas,2035,6.40095874364386
p53,naturalgas,2028,6.40095874364386
p53,naturalgas,2030,6.40095874364386
p53,naturalgas,2035,6.40095874364386
p54,naturalgas,2028,6.8942797331674
p54,naturalgas,2030,6.8942797331674
p54,naturalgas,2035,6.8942797331674
p55,naturalgas,2028,6.8942797331674
p55,naturalgas,2030,6.8942797331674
p55,naturalgas,2035,6.8942797331674
p56,naturalgas,2028,5.48420696754974
p56,naturalgas,2030,5.48420696754974
p56,naturalgas,2035,5.48420696754974
p57,naturalgas,2028,5.67352697403384
p57,naturalgas,2030,5.67352697403384
p57,naturalgas,2035,5.67352697403384
p58,naturalgas,2028,5.03935537338701
p58,naturalgas,2030,5.03935537338701
p58,naturalgas,2035,5.03935537338701
p59,naturalgas,2028,5.67352697403384
p59,naturalgas,2030,5.67352697403384
p59,naturalgas,2035,5.67352697403384
p60,naturalgas,2028,5.67352697403384
p60,naturalgas,2030,5.67352697403384
p60,naturalgas,2035,5.67352697403384
p61,naturalgas,2028,5.67352697403384
p61,naturalgas,2030,5.67352697403384
p61,naturalgas,2035,5.67352697403384
p62,naturalgas,2028,5.67352697403384
p62,naturalgas,2030,5.67352697403384
p62,naturalgas,2035,5.67352697403384
p63,naturalgas,2028,5.67352697403384
p63,naturalgas,2030,5.67352697403384
p63,naturalgas,2035,5.67352697403384
p64,naturalgas,2028,5.67352697403384
p64,naturalgas,2030,5.67352697403384
p64,naturalgas,2035,5.67352697403384
p65,naturalgas,2028,5.67352697403384
p65,naturalgas,2030,5.67352697403384
p65,naturalgas,2035,5.67352697403384
p66,naturalgas,2028,5.67352697403384
p66,naturalgas,2030,5.67352697403384
p66,naturalgas,2035,5.67352697403384
p67,naturalgas,2028,5.67352697403384
p67,naturalgas,2030,5.67352697403384
p67,naturalgas,2035,5.67352697403384
p68,naturalgas,2028,5.63514131324637
p68,naturalgas,2030,5.63514131324637
p68,naturalgas,2035,5.63514131324637
p69,naturalgas,2028,4.39935113963806
p69,naturalgas,2030,4.39935113963806
p69,naturalgas,2035,4.39935113963806
p70,naturalgas,2028,4.39935113963806
p70,naturalgas,2030,4.39935113963806
p70,naturalgas,2035,4.39935113963806
p71,naturalgas,2028,6.8942797331674
p71,naturalgas,2030,6.8942797331674
p71,naturalgas,2035,6.8942797331674
p72,naturalgas,2028,6.8942797331674
p72,naturalgas,2030,6.8942797331674
p72,naturalgas,2035,6.8942797331674
p73,naturalgas,2028,6.8942797331674
p73,naturalgas,2030,6.8942797331674
p73,naturalgas,2035,6.8942797331674
p74,naturalgas,2028,4.42199437877692
p74,naturalgas,2030,4.42199437877692
p74,naturalgas,2035,4.42199437877692
p75,naturalgas,2028,4.62488352501696
p75,naturalgas,2030,4.62488352501696
p75,naturalgas,2035,4.62488352501696
p76,naturalgas,2028,4.62488352501696
p76,naturalgas,2030,4.62488352501696
p76,naturalgas,2035,4.62488352501696
p77,naturalgas,2028,4.62488352501696
p77,naturalgas,2030,4.62488352501696
p77,naturalgas,2035,4.62488352501696
p78,naturalgas,2028,4.62488352501696
p78,naturalgas,2030,4.62488352501696
p78,naturalgas,2035,4.62488352501696
p79,naturalgas,2028,4.62488352501696
p79,naturalgas,2030,4.62488352501696
p79,naturalgas,2035,4.62488352501696
p80,naturalgas,2028,4.66265920680017
p80,naturalgas,2030,4.66265920680017
p80,naturalgas,2035,4.66265920680017
p81,naturalgas,2028,4.66265920680017
p81,naturalgas,2030,4.66265920680017
p81,naturalgas,2035,4.66265920680017
p82,naturalgas,2028,4.66265920680017
p82,naturalgas,2030,4.66265920680017
p82,naturalgas,2035,4.66265920680017
p83,naturalgas,2028,4.66265920680017
p83,naturalgas,2030,4.66265920680017
p83,naturalgas,2035,4.66265920680017
p84,naturalgas,2028,6.8942797331674
p84,naturalgas,2030,6.8942797331674
p84,naturalgas,2035,6.8942797331674
p85,naturalgas,2028,5.48420696754974
p85,naturalgas,2030,5.48420696754974
p85,naturalgas,2035,5.48420696754974
p86,naturalgas,2028,5.03935537338701
p86,naturalgas,2030,5.03935537338701
p86,naturalgas,2035,5.03935537338701
p87,naturalgas,2028,4.52813089206866
p87,naturalgas,2030,4.52813089206866
p87,naturalgas,2035,4.52813089206866
p88,naturalgas,2028,4.52813089206866
p88,naturalgas,2030,4.52813089206866
p88,naturalgas,2035,4.52813089206866
p89,naturalgas,2028,5.10213296440852
p89,naturalgas,2030,5.10213296440852
p89,naturalgas,2035,5.10213296440852
p90,naturalgas,2028,5.10213296440852
p90,naturalgas,2030,5.10213296440852
p90,naturalgas,2035,5.10213296440852
p91,naturalgas,2028,6.06574931480116
p91,naturalgas,2030,6.06574931480116
p91,naturalgas,2035,6.06574931480116
p92,naturalgas,2028,4.36247739102196
p92,naturalgas,2030,4.36247739102196
p92,naturalgas,2035,4.36247739102196
p93,naturalgas,2028,5.0570145352945
p93,naturalgas,2030,5.0570145352945
p93,naturalgas,2035,5.0570145352945
p94,naturalgas,2028,5.11442940841686
p94,naturalgas,2030,5.11442940841686
p94,naturalgas,2035,5.11442940841686
p95,naturalgas,2028,5.39247352585499
p95,naturalgas,2030,5.39247352585499
p95,naturalgas,2035,5.39247352585499
p96,naturalgas,2028,5.39247352585499
p96,naturalgas,2030,5.39247352585499
p96,naturalgas,2035,5.39247352585499
p97,naturalgas,2028,6.24630832966302
p97,naturalgas,2030,6.24630832966302
p97,naturalgas,2035,6.24630832966302
p98,naturalgas,2028,6.24630832966302
p98,naturalgas,2030,6.24630832966302
p98,naturalgas,2035,6.24630832966302
p99,naturalgas,2028,4.92299717728857
p99,naturalgas,2030,4.92299717728857
p99,naturalgas,2035,4.92299717728857
p100,naturalgas,2028,4.92299717728857
p100,naturalgas,2030,4.92299717728857
p100,naturalgas,2035,4.92299717728857
p101,naturalgas,2028,6.06574931480116
p101,naturalgas,2030,6.06574931480116
p101,naturalgas,2035,6.06574931480116
p102,naturalgas,2028,6.06574931480116
p102,naturalgas,2030,6.06574931480116
p102,naturalgas,2035,6.06574931480116
p103,naturalgas,2028,4.42199437877692
p103,naturalgas,2030,4.42199437877692
p103,naturalgas,2035,4.42199437877692
p104,naturalgas,2028,4.42199437877692
p104,naturalgas,2030,4.42199437877692
p104,naturalgas,2035,4.42199437877692
p105,naturalgas,2028,4.48623738866618
p105,naturalgas,2030,4.48623738866618
p105,naturalgas,2035,4.48623738866618
p106,naturalgas,2028,4.48623738866618
p106,naturalgas,2030,4.48623738866618
p106,naturalgas,2035,4.48623738866618
p107,naturalgas,2028,4.48623738866618
p107,naturalgas,2030,4.48623738866618
p107,naturalgas,2035,4.48623738866618
p108,naturalgas,2028,5.0570145352945
p108,naturalgas,2030,5.0570145352945
p108,naturalgas,2035,5.0570145352945
p109,naturalgas,2028,5.0570145352945
p109,naturalgas,2030,5.0570145352945
p109,naturalgas,2035,5.0570145352945
p110,naturalgas,2028,5.0570145352945
p110,naturalgas,2030,5.0570145352945
p110,naturalgas,2035,5.0570145352945
p111,naturalgas,2028,4.03199627324092
p111,naturalgas,2030,4.03199627324092
p111,naturalgas,2035,4.03199627324092
p112,naturalgas,2028,4.03199627324092
p112,naturalgas,2030,4.03199627324092
p112,naturalgas,2035,4.03199627324092
p113,naturalgas,2028,4.03199627324092
p113,naturalgas,2030,4.03199627324092
p113,naturalgas,2035,4.03199627324092
p114,naturalgas,2028,4.03199627324092
p114,naturalgas,2030,4.03199627324092
p114,naturalgas,2035,4.03199627324092
p115,naturalgas,2028,3.79760594007734
p115,naturalgas,2030,3.79760594007734
p115,naturalgas,2035,3.79760594007734
p116,naturalgas,2028,4.11098350749593
p116,naturalgas,2030,4.11098350749593
p116,naturalgas,2035,4.11098350749593
p117,naturalgas,2028,4.11098350749593
p117,naturalgas,2030,4.11098350749593
p117,naturalgas,2035,4.11098350749593
p118,naturalgas,2028,4.92299717728857
p118,naturalgas,2030,4.92299717728857
p118,naturalgas,2035,4.92299717728857
p119,naturalgas,2028,3.79760594007734
p119,naturalgas,2030,3.79760594007734
p119,naturalgas,2035,3.79760594007734
p120,naturalgas,2028,3.79760594007734
p120,naturalgas,2030,3.79760594007734
p120,naturalgas,2035,3.79760594007734
p121,naturalgas,2028,5.13908119074907
p121,naturalgas,2030,5.13908119074907
p121,naturalgas,2035,5.13908119074907
p122,naturalgas,2028,3.79760594007734
p122,naturalgas,2030,3.79760594007734
p122,naturalgas,2035,3.79760594007734
p123,naturalgas,2028,5.13908119074907
p123,naturalgas,2030,5.13908119074907
p123,naturalgas,2035,5.13908119074907
p124,naturalgas,2028,4.92299717728857
p124,naturalgas,2030,4.92299717728857
p124,naturalgas,2035,4.92299717728857
p125,naturalgas,2028,4.38524809583003
p125,naturalgas,2030,4.38524809583003
p125,naturalgas,2035,4.38524809583003
p126,naturalgas,2028,4.21158153220924
p126,naturalgas,2030,4.21158153220924
p126,naturalgas,2035,4.21158153220924
p127,naturalgas,2028,4.72361617774554
p127,naturalgas,2030,4.72361617774554
p127,naturalgas,2035,4.72361617774554
p128,naturalgas,2028,4.72361617774554
p128,naturalgas,2030,4.72361617774554
p128,naturalgas,2035,4.72361617774554
p129,naturalgas,2028,5.56756175898128
p129,naturalgas,2030,5.56756175898128
p129,naturalgas,2035,5.56756175898128
p130,naturalgas,2028,6.96748137725124
p130,naturalgas,2030,6.96748137725124
p130,naturalgas,2035,6.96748137725124
p131,naturalgas,2028,8.17926868911272
p131,naturalgas,2030,8.17926868911272
p131,naturalgas,2035,8.17926868911272
p132,naturalgas,2028,5.68891454537948
p132,naturalgas,2030,5.68891454537948
p132,naturalgas,2035,5.68891454537948
p133,naturalgas,2028,5.42729670221392
p133,naturalgas,2030,5.42729670221392
p133,naturalgas,2035,5.42729670221392
p134,naturalgas,2028,7.87079474843317
p134,naturalgas,2030,7.87079474843317
p134,naturalgas,2035,7.87079474843317
