TRANSMISSION_LINE,PERIOD,trans_hurdle_cost_per_mwh
1-2,2028,5.353333333
1-4,2028,5.353333333
2-3,2028,5.353333333
2-4,2028,5.353333333
2-14,2028,5.353333333
3-4,2028,5.353333333
3-5,2028,5.353333333
3-17,2028,5.353333333
5-6,2028,5.353333333
5-10,2028,5.353333333
5-14,2028,5.353333333
5-15,2028,5.353333333
6-7,2028,5.353333333
6-9,2028,5.353333333
7-8,2028,5.353333333
7-15,2028,5.353333333
8-9,2028,5.353333333
9-12,2028,5.353333333
10-13,2028,5.353333333
10-25,2028,5.353333333
10-27,2028,5.353333333
10-28,2028,5.353333333
12-15,2028,5.353333333
12-25,2028,5.353333333
13-15,2028,5.353333333
13-27,2028,5.353333333
13-28,2028,5.353333333
14-15,2028,5.353333333
14-17,2028,5.353333333
15-17,2028,5.353333333
16-17,2028,5.353333333
16-21,2028,5.353333333
16-25,2028,5.353333333
18-21,2028,5.353333333
18-22,2028,5.353333333
18-23,2028,5.353333333
20-35,2028,5.353333333
21-24,2028,5.353333333
22-23,2028,5.353333333
22-24,2028,5.353333333
24-33,2028,5.353333333
24-39,2028,5.353333333
25-28,2028,5.353333333
25-31,2028,5.353333333
25-33,2028,5.353333333
26-33,2028,5.353333333
27-28,2028,5.353333333
28-31,2028,5.353333333
29-31,2028,5.353333333
31-34,2028,5.353333333
31-47,2028,5.353333333
31-48,2028,5.353333333
31-59,2028,5.353333333
32-38,2028,5.353333333
34-52,2028,5.353333333
36-37,2028,5.353333333
37-38,2028,5.353333333
38-43,2028,5.353333333
38-44,2028,5.353333333
38-45,2028,5.353333333
40-45,2028,5.353333333
41-45,2028,5.353333333
45-54,2028,5.353333333
50-60,2028,5.353333333
50-85,2028,5.353333333
54-70,2028,5.353333333
54-71,2028,5.353333333
54-72,2028,5.353333333
55-72,2028,5.353333333
55-84,2028,5.353333333
56-85,2028,5.353333333
57-58,2028,5.353333333
57-63,2028,5.353333333
57-66,2028,5.353333333
57-85,2028,5.353333333
70-80,2028,5.353333333
77-80,2028,5.353333333
78-80,2028,5.353333333
79-80,2028,5.353333333
80-81,2028,5.353333333
80-82,2028,5.353333333
80-83,2028,5.353333333
80-105,2028,5.353333333
81-93,2028,5.353333333
84-92,2028,5.353333333
85-92,2028,5.353333333
87-88,2028,5.353333333
87-89,2028,5.353333333
87-90,2028,5.353333333
87-92,2028,5.353333333
88-89,2028,5.353333333
89-90,2028,5.353333333
89-92,2028,5.353333333
90-91,2028,5.353333333
90-94,2028,5.353333333
91-101,2028,5.353333333
92-94,2028,5.353333333
92-97,2028,5.353333333
92-108,2028,5.353333333
92-109,2028,5.353333333
92-118,2028,5.353333333
93-108,2028,5.353333333
93-109,2028,5.353333333
94-95,2028,5.353333333
94-96,2028,5.353333333
94-97,2028,5.353333333
94-101,2028,5.353333333
95-96,2028,5.353333333
95-98,2028,5.353333333
96-98,2028,5.353333333
97-98,2028,5.353333333
97-99,2028,5.353333333
97-118,2028,5.353333333
98-99,2028,5.353333333
101-102,2028,5.353333333
103-104,2028,5.353333333
103-111,2028,5.353333333
104-105,2028,5.353333333
105-112,2028,5.353333333
107-109,2028,5.353333333
107-112,2028,5.353333333
107-114,2028,5.353333333
108-109,2028,5.353333333
122-127,2028,5.353333333
126-127,2028,5.353333333
127-129,2028,5.353333333
127-131,2028,5.353333333
127-132,2028,5.353333333
63-87,2028,5.353333333
24-25,2028,5.353333333
38-68,2028,5.353333333
1-2,2030,4.866666667
1-4,2030,4.866666667
2-3,2030,4.866666667
2-4,2030,4.866666667
2-14,2030,4.866666667
3-4,2030,4.866666667
3-5,2030,4.866666667
3-17,2030,4.866666667
5-6,2030,4.866666667
5-10,2030,4.866666667
5-14,2030,4.866666667
5-15,2030,4.866666667
6-7,2030,4.866666667
6-9,2030,4.866666667
7-8,2030,4.866666667
7-15,2030,4.866666667
8-9,2030,4.866666667
9-12,2030,4.866666667
10-13,2030,4.866666667
10-25,2030,4.866666667
10-27,2030,4.866666667
10-28,2030,4.866666667
12-15,2030,4.866666667
12-25,2030,4.866666667
13-15,2030,4.866666667
13-27,2030,4.866666667
13-28,2030,4.866666667
14-15,2030,4.866666667
14-17,2030,4.866666667
15-17,2030,4.866666667
16-17,2030,4.866666667
16-21,2030,4.866666667
16-25,2030,4.866666667
18-21,2030,4.866666667
18-22,2030,4.866666667
18-23,2030,4.866666667
20-35,2030,4.866666667
21-24,2030,4.866666667
22-23,2030,4.866666667
22-24,2030,4.866666667
24-33,2030,4.866666667
24-39,2030,4.866666667
25-28,2030,4.866666667
25-31,2030,4.866666667
25-33,2030,4.866666667
26-33,2030,4.866666667
27-28,2030,4.866666667
28-31,2030,4.866666667
29-31,2030,4.866666667
31-34,2030,4.866666667
31-47,2030,4.866666667
31-48,2030,4.866666667
31-59,2030,4.866666667
32-38,2030,4.866666667
34-52,2030,4.866666667
36-37,2030,4.866666667
37-38,2030,4.866666667
38-43,2030,4.866666667
38-44,2030,4.866666667
38-45,2030,4.866666667
40-45,2030,4.866666667
41-45,2030,4.866666667
45-54,2030,4.866666667
50-60,2030,4.866666667
50-85,2030,4.866666667
54-70,2030,4.866666667
54-71,2030,4.866666667
54-72,2030,4.866666667
55-72,2030,4.866666667
55-84,2030,4.866666667
56-85,2030,4.866666667
57-58,2030,4.866666667
57-63,2030,4.866666667
57-66,2030,4.866666667
57-85,2030,4.866666667
70-80,2030,4.866666667
77-80,2030,4.866666667
78-80,2030,4.866666667
79-80,2030,4.866666667
80-81,2030,4.866666667
80-82,2030,4.866666667
80-83,2030,4.866666667
80-105,2030,4.866666667
81-93,2030,4.866666667
84-92,2030,4.866666667
85-92,2030,4.866666667
87-88,2030,4.866666667
87-89,2030,4.866666667
87-90,2030,4.866666667
87-92,2030,4.866666667
88-89,2030,4.866666667
89-90,2030,4.866666667
89-92,2030,4.866666667
90-91,2030,4.866666667
90-94,2030,4.866666667
91-101,2030,4.866666667
92-94,2030,4.866666667
92-97,2030,4.866666667
92-108,2030,4.866666667
92-109,2030,4.866666667
92-118,2030,4.866666667
93-108,2030,4.866666667
93-109,2030,4.866666667
94-95,2030,4.866666667
94-96,2030,4.866666667
94-97,2030,4.866666667
94-101,2030,4.866666667
95-96,2030,4.866666667
95-98,2030,4.866666667
96-98,2030,4.866666667
97-98,2030,4.866666667
97-99,2030,4.866666667
97-118,2030,4.866666667
98-99,2030,4.866666667
101-102,2030,4.866666667
103-104,2030,4.866666667
103-111,2030,4.866666667
104-105,2030,4.866666667
105-112,2030,4.866666667
107-109,2030,4.866666667
107-112,2030,4.866666667
107-114,2030,4.866666667
108-109,2030,4.866666667
122-127,2030,4.866666667
126-127,2030,4.866666667
127-129,2030,4.866666667
127-131,2030,4.866666667
127-132,2030,4.866666667
63-87,2030,4.866666667
24-25,2030,4.866666667
38-68,2030,4.866666667
1-2,2035,3.65
1-4,2035,3.65
2-3,2035,3.65
2-4,2035,3.65
2-14,2035,3.65
3-4,2035,3.65
3-5,2035,3.65
3-17,2035,3.65
5-6,2035,3.65
5-10,2035,3.65
5-14,2035,3.65
5-15,2035,3.65
6-7,2035,3.65
6-9,2035,3.65
7-8,2035,3.65
7-15,2035,3.65
8-9,2035,3.65
9-12,2035,3.65
10-13,2035,3.65
10-25,2035,3.65
10-27,2035,3.65
10-28,2035,3.65
12-15,2035,3.65
12-25,2035,3.65
13-15,2035,3.65
13-27,2035,3.65
13-28,2035,3.65
14-15,2035,3.65
14-17,2035,3.65
15-17,2035,3.65
16-17,2035,3.65
16-21,2035,3.65
16-25,2035,3.65
18-21,2035,3.65
18-22,2035,3.65
18-23,2035,3.65
20-35,2035,3.65
21-24,2035,3.65
22-23,2035,3.65
22-24,2035,3.65
24-33,2035,3.65
24-39,2035,3.65
25-28,2035,3.65
25-31,2035,3.65
25-33,2035,3.65
26-33,2035,3.65
27-28,2035,3.65
28-31,2035,3.65
29-31,2035,3.65
31-34,2035,3.65
31-47,2035,3.65
31-48,2035,3.65
31-59,2035,3.65
32-38,2035,3.65
34-52,2035,3.65
36-37,2035,3.65
37-38,2035,3.65
38-43,2035,3.65
38-44,2035,3.65
38-45,2035,3.65
40-45,2035,3.65
41-45,2035,3.65
45-54,2035,3.65
50-60,2035,3.65
50-85,2035,3.65
54-70,2035,3.65
54-71,2035,3.65
54-72,2035,3.65
55-72,2035,3.65
55-84,2035,3.65
56-85,2035,3.65
57-58,2035,3.65
57-63,2035,3.65
57-66,2035,3.65
57-85,2035,3.65
70-80,2035,3.65
77-80,2035,3.65
78-80,2035,3.65
79-80,2035,3.65
80-81,2035,3.65
80-82,2035,3.65
80-83,2035,3.65
80-105,2035,3.65
81-93,2035,3.65
84-92,2035,3.65
85-92,2035,3.65
87-88,2035,3.65
87-89,2035,3.65
87-90,2035,3.65
87-92,2035,3.65
88-89,2035,3.65
89-90,2035,3.65
89-92,2035,3.65
90-91,2035,3.65
90-94,2035,3.65
91-101,2035,3.65
92-94,2035,3.65
92-97,2035,3.65
92-108,2035,3.65
92-109,2035,3.65
92-118,2035,3.65
93-108,2035,3.65
93-109,2035,3.65
94-95,2035,3.65
94-96,2035,3.65
94-97,2035,3.65
94-101,2035,3.65
95-96,2035,3.65
95-98,2035,3.65
96-98,2035,3.65
97-98,2035,3.65
97-99,2035,3.65
97-118,2035,3.65
98-99,2035,3.65
101-102,2035,3.65
103-104,2035,3.65
103-111,2035,3.65
104-105,2035,3.65
105-112,2035,3.65
107-109,2035,3.65
107-112,2035,3.65
107-114,2035,3.65
108-109,2035,3.65
122-127,2035,3.65
126-127,2035,3.65
127-129,2035,3.65
127-131,2035,3.65
127-132,2035,3.65
63-87,2035,3.65
24-25,2035,3.65
38-68,2035,3.65
