WATER_NODES,wn_is_sink,wnode_constant_consumption,wnode_constant_inflow
p1_conventional_hydroelectric_1_inlet,0,0,0
p10_conventional_hydroelectric_1_inlet,0,0,0
p101_conventional_hydroelectric_1_inlet,0,0,0
p103_conventional_hydroelectric_1_inlet,0,0,0
p105_conventional_hydroelectric_1_inlet,0,0,0
p107_conventional_hydroelectric_1_inlet,0,0,0
p109_conventional_hydroelectric_1_inlet,0,0,0
p11_conventional_hydroelectric_1_inlet,0,0,0
p110_conventional_hydroelectric_1_inlet,0,0,0
p112_conventional_hydroelectric_1_inlet,0,0,0
p115_conventional_hydroelectric_1_inlet,0,0,0
p116_conventional_hydroelectric_1_inlet,0,0,0
p117_conventional_hydroelectric_1_inlet,0,0,0
p118_conventional_hydroelectric_1_inlet,0,0,0
p122_conventional_hydroelectric_1_inlet,0,0,0
p123_conventional_hydroelectric_1_inlet,0,0,0
p127_conventional_hydroelectric_1_inlet,0,0,0
p129_conventional_hydroelectric_1_inlet,0,0,0
p13_conventional_hydroelectric_1_inlet,0,0,0
p130_conventional_hydroelectric_1_inlet,0,0,0
p131_conventional_hydroelectric_1_inlet,0,0,0
p132_conventional_hydroelectric_1_inlet,0,0,0
p134_conventional_hydroelectric_1_inlet,0,0,0
p14_conventional_hydroelectric_1_inlet,0,0,0
p15_conventional_hydroelectric_1_inlet,0,0,0
p16_conventional_hydroelectric_1_inlet,0,0,0
p17_conventional_hydroelectric_1_inlet,0,0,0
p18_conventional_hydroelectric_1_inlet,0,0,0
p19_conventional_hydroelectric_1_inlet,0,0,0
p2_conventional_hydroelectric_1_inlet,0,0,0
p24_conventional_hydroelectric_1_inlet,0,0,0
p26_conventional_hydroelectric_1_inlet,0,0,0
p27_conventional_hydroelectric_1_inlet,0,0,0
p28_conventional_hydroelectric_1_inlet,0,0,0
p3_conventional_hydroelectric_1_inlet,0,0,0
p33_conventional_hydroelectric_1_inlet,0,0,0
p34_conventional_hydroelectric_1_inlet,0,0,0
p36_conventional_hydroelectric_1_inlet,0,0,0
p38_conventional_hydroelectric_1_inlet,0,0,0
p39_conventional_hydroelectric_1_inlet,0,0,0
p4_conventional_hydroelectric_1_inlet,0,0,0
p40_conventional_hydroelectric_1_inlet,0,0,0
p42_conventional_hydroelectric_1_inlet,0,0,0
p43_conventional_hydroelectric_1_inlet,0,0,0
p5_conventional_hydroelectric_1_inlet,0,0,0
p50_conventional_hydroelectric_1_inlet,0,0,0
p51_conventional_hydroelectric_1_inlet,0,0,0
p55_conventional_hydroelectric_1_inlet,0,0,0
p56_conventional_hydroelectric_1_inlet,0,0,0
p58_conventional_hydroelectric_1_inlet,0,0,0
p6_conventional_hydroelectric_1_inlet,0,0,0
p61_conventional_hydroelectric_1_inlet,0,0,0
p63_conventional_hydroelectric_1_inlet,0,0,0
p64_conventional_hydroelectric_1_inlet,0,0,0
p65_conventional_hydroelectric_1_inlet,0,0,0
p66_conventional_hydroelectric_1_inlet,0,0,0
p7_conventional_hydroelectric_1_inlet,0,0,0
p70_conventional_hydroelectric_1_inlet,0,0,0
p72_conventional_hydroelectric_1_inlet,0,0,0
p76_conventional_hydroelectric_1_inlet,0,0,0
p77_conventional_hydroelectric_1_inlet,0,0,0
p80_conventional_hydroelectric_1_inlet,0,0,0
p85_conventional_hydroelectric_1_inlet,0,0,0
p89_conventional_hydroelectric_1_inlet,0,0,0
p9_conventional_hydroelectric_1_inlet,0,0,0
p90_conventional_hydroelectric_1_inlet,0,0,0
p92_conventional_hydroelectric_1_inlet,0,0,0
p93_conventional_hydroelectric_1_inlet,0,0,0
p94_conventional_hydroelectric_1_inlet,0,0,0
p95_conventional_hydroelectric_1_inlet,0,0,0
p96_conventional_hydroelectric_1_inlet,0,0,0
p97_conventional_hydroelectric_1_inlet,0,0,0
p98_conventional_hydroelectric_1_inlet,0,0,0
p99_conventional_hydroelectric_1_inlet,0,0,0
p1_conventional_hydroelectric_1_outlet,1,0,0
p10_conventional_hydroelectric_1_outlet,1,0,0
p101_conventional_hydroelectric_1_outlet,1,0,0
p103_conventional_hydroelectric_1_outlet,1,0,0
p105_conventional_hydroelectric_1_outlet,1,0,0
p107_conventional_hydroelectric_1_outlet,1,0,0
p109_conventional_hydroelectric_1_outlet,1,0,0
p11_conventional_hydroelectric_1_outlet,1,0,0
p110_conventional_hydroelectric_1_outlet,1,0,0
p112_conventional_hydroelectric_1_outlet,1,0,0
p115_conventional_hydroelectric_1_outlet,1,0,0
p116_conventional_hydroelectric_1_outlet,1,0,0
p117_conventional_hydroelectric_1_outlet,1,0,0
p118_conventional_hydroelectric_1_outlet,1,0,0
p122_conventional_hydroelectric_1_outlet,1,0,0
p123_conventional_hydroelectric_1_outlet,1,0,0
p127_conventional_hydroelectric_1_outlet,1,0,0
p129_conventional_hydroelectric_1_outlet,1,0,0
p13_conventional_hydroelectric_1_outlet,1,0,0
p130_conventional_hydroelectric_1_outlet,1,0,0
p131_conventional_hydroelectric_1_outlet,1,0,0
p132_conventional_hydroelectric_1_outlet,1,0,0
p134_conventional_hydroelectric_1_outlet,1,0,0
p14_conventional_hydroelectric_1_outlet,1,0,0
p15_conventional_hydroelectric_1_outlet,1,0,0
p16_conventional_hydroelectric_1_outlet,1,0,0
p17_conventional_hydroelectric_1_outlet,1,0,0
p18_conventional_hydroelectric_1_outlet,1,0,0
p19_conventional_hydroelectric_1_outlet,1,0,0
p2_conventional_hydroelectric_1_outlet,1,0,0
p24_conventional_hydroelectric_1_outlet,1,0,0
p26_conventional_hydroelectric_1_outlet,1,0,0
p27_conventional_hydroelectric_1_outlet,1,0,0
p28_conventional_hydroelectric_1_outlet,1,0,0
p3_conventional_hydroelectric_1_outlet,1,0,0
p33_conventional_hydroelectric_1_outlet,1,0,0
p34_conventional_hydroelectric_1_outlet,1,0,0
p36_conventional_hydroelectric_1_outlet,1,0,0
p38_conventional_hydroelectric_1_outlet,1,0,0
p39_conventional_hydroelectric_1_outlet,1,0,0
p4_conventional_hydroelectric_1_outlet,1,0,0
p40_conventional_hydroelectric_1_outlet,1,0,0
p42_conventional_hydroelectric_1_outlet,1,0,0
p43_conventional_hydroelectric_1_outlet,1,0,0
p5_conventional_hydroelectric_1_outlet,1,0,0
p50_conventional_hydroelectric_1_outlet,1,0,0
p51_conventional_hydroelectric_1_outlet,1,0,0
p55_conventional_hydroelectric_1_outlet,1,0,0
p56_conventional_hydroelectric_1_outlet,1,0,0
p58_conventional_hydroelectric_1_outlet,1,0,0
p6_conventional_hydroelectric_1_outlet,1,0,0
p61_conventional_hydroelectric_1_outlet,1,0,0
p63_conventional_hydroelectric_1_outlet,1,0,0
p64_conventional_hydroelectric_1_outlet,1,0,0
p65_conventional_hydroelectric_1_outlet,1,0,0
p66_conventional_hydroelectric_1_outlet,1,0,0
p7_conventional_hydroelectric_1_outlet,1,0,0
p70_conventional_hydroelectric_1_outlet,1,0,0
p72_conventional_hydroelectric_1_outlet,1,0,0
p76_conventional_hydroelectric_1_outlet,1,0,0
p77_conventional_hydroelectric_1_outlet,1,0,0
p80_conventional_hydroelectric_1_outlet,1,0,0
p85_conventional_hydroelectric_1_outlet,1,0,0
p89_conventional_hydroelectric_1_outlet,1,0,0
p9_conventional_hydroelectric_1_outlet,1,0,0
p90_conventional_hydroelectric_1_outlet,1,0,0
p92_conventional_hydroelectric_1_outlet,1,0,0
p93_conventional_hydroelectric_1_outlet,1,0,0
p94_conventional_hydroelectric_1_outlet,1,0,0
p95_conventional_hydroelectric_1_outlet,1,0,0
p96_conventional_hydroelectric_1_outlet,1,0,0
p97_conventional_hydroelectric_1_outlet,1,0,0
p98_conventional_hydroelectric_1_outlet,1,0,0
p99_conventional_hydroelectric_1_outlet,1,0,0
